EMP_ID, Opportunity, Collection Done,Percentage
T-1307,4679,3900,0.833564879
T-2732,750,750,1
10932,570,570,1
10990,950,950,1
10994,900,900,1
T-3137,570,570,1
11272,570,540,0.947368421
T-3348,750,750,1
T-3348,750,636,0.848
10074,1703,1703,1
T-1408,170,170,1
T-1306,4700,4700,1
T-887,400,400,1
T-887,400,400,1
T-1803,570,540,0.947368421
T-4964,570,500,0.877192982
T-5702,400,400,1
10991,215,215,1
10991,215,215,1
T-2434,570,540,0.947368421
T-2207,900,782,0.868888889
11347,200,200,1
11308,140,0,0
T-806,400,340,0.85
11308,550,0,0
2193,170,170,1
T-887,400,400,1
T-887,400,400,1
T-887,400,400,1
10897,170,170,1
T-3289,400,300,0.75
T-510,472,472,1
17082,210,210,1
11018,472,472,1
T-2544,215,215,1
10991,215,215,1
T-1604,570,506,0.887719298
T-1858,400,0,0
T-1858,400,0,0
T-654,162,162,1
11953,750,0,0
T-4033,570,570,1
T-4033,170,170,1
T-1709,750,700,0.933333333
T-3148,506,506,1
2535,750,0,0
16964,472,472,1
T-3852,215,0,0
11295,750,750,1
10798,570,570,1
T-4033,1703,1703,1
17065,483,483,1
T-5151,4700,4700,1
T-2723,1703,1703,1
11278,1062,1062,1
T-1909,1800,1800,1
T-3244,750,750,1
T-1609,170,170,1
T-3348,6558,6558,1
T-3137,900,900,1
11272,570,540,0.947368421
13052,400,400,1
T-338,672,672,1
T-3155,6194,6194,1
T-2880,170,170,1
10074,570,506,0.887719298
11380,1703,1703,1
T-2265,165,165,1
11295,750,750,1
11392,750,750,1
T-1937,400,400,1
T-697,400,400,1
T-1408,170,170,1
11066,400,340,0.85
 T-5231,570,570,1
10988,170,106,0.623529412
T-3172,570,570,1
11295,570,570,1
15365,472,472,1
10991,1800,1800,1
T-1858,170,170,1
15353,4800,4800,1
3762,750,750,1
T-1408,170,170,1
11272,570,540,0.947368421
10991,200,150,0.75
10991,215,215,1
T-2170,570,570,1
11320,2200,0,0
T-3852,400,400,1
11392,570,570,1
T-2141,1500,1500,1
T-2141,5800,5800,1
16381,3240,3240,1
T-2141,1500,1500,1
T-5146,2000,2000,1
T-2961,750,750,1
T-3148,1080,1080,1
T-1670,450,450,1
T-1563,4678,4678,1
T-3244,750,750,1
11092,900,900,1
10317,400,400,1
T-2535,3200,3200,1
T-2265,637,637,1
16709,900,900,1
11394,750,750,1
11394,750,750,1
11320,1100,1100,1
T-4676,570,500,0.877192982
17060,900,900,1
T-2723,1843,1843,1
10317,400,400,1
T-4676,570,500,0.877192982
T-1607,215,215,1
11517,560,560,1
T-4502,5546,5546,1
T-654,170,107,0.629411765
T-5574,900,900,1
11295,570,570,1
T-3137,170,106,0.623529412
17086,900,847,0.941111111
T-4258,750,750,1
T-4258,750,750,1
T-3148,750,750,1
10826,472,472,1
T-504,170,106,0.623529412
T-1599,570,506,0.887719298
T-2466,4700,4700,1
T-2141,750,750,1
10317,400,400,1
3759,1703,1703,1
T-2503,750,750,1
10910,2000,2000,1
T-2637,10571,10571,1
T-875,800,800,1
17074,900,900,1
11018,170,170,1
T-887,400,400,1
T-2880,400,400,1
17065,483,483,1
T-5145,400,339,0.8475
T-144,2879,2879,1
13912,7286,7286,1
T-144,940,940,1
3716,215,215,1
3716,215,215,1
3716,215,215,1
11363,750,0,0
12834,575,575,1
10990,570,500,0.877192982
T-2880,4700,4700,1
T-1861,570,570,1
T-1861,570,570,1
T-1861,570,570,1
T-1861,570,570,1
11347,750,750,1
11347,570,570,1
11347,570,570,1
11347,570,570,1
11347,570,570,1
17086,1886,1886,1
17086,170,170,1
T-3851,570,570,1
11394,400,400,1
11394,400,400,1
T-4111,900,750,0.833333333
T-3606,400,400,1
 T-5231,570,570,1
11347,750,750,1
10799,570,570,1
T-531,3000,3000,1
11517,1700,1700,1
T-1272,570,570,1
16701,900,900,1
T-4263,1703,1703,1
10894,920,920,1
T-4912,570,472,0.828070175
16694,170,170,1
T-4081,1800,0,0
T-4081,1800,0,0
T-4081,570,0,0
T-5146,1703,1703,1
T-2503,400,0,0
T-1861,750,750,1
T-4056,570,0,0
T-1709,1703,1703,1
11711,4679,2171,0.463988032
10985,6786,6786,1
T-2010,1703,1703,1
T-663,1703,1703,1
11347,900,900,1
17066,3137,3137,1
T-2262,900,900,1
16964,750,750,1
T-3276,750,0,0
10894,385,0,0
T-1547,340,340,1
T-4330,170,170,1
T-1709,400,400,1
T-3155,170,110,0.647058824
16701,900,900,1
T-2208,570,570,1
T-3937,170,170,1
T-3937,201,201,1
11948,750,750,1
T-875,824,800,0.970873786
T-2265,400,0,0
T-1306,400,0,0
T-1670,400,0,0
10988,400,0,0
11105,570,570,1
T-3167,400,0,0
T-3167,400,0,0
T-5466,400,0,0
T-4325,400,0,0
T-2265,400,0,0
T-1306,400,0,0
T-2262,400,0,0
T-4479,400,0,0
T-1306,400,0,0
17081,400,0,0
11948,400,0,0
T-1009,400,0,0
T-2738,400,0,0
T-1009,400,0,0
T-1009,400,0,0
T-1009,400,0,0
10074,400,0,0
10074,400,0,0
T-4979,400,0,0
11805,400,0,0
T-2140,400,0,0
12829,400,0,0
T-4529,400,0,0
T-2394,400,0,0
T-2725,400,0,0
T-1547,400,0,0
T-3606,400,0,0
T-3606,400,0,0
11473,400,0,0
T-3973,400,0,0
T-4497,400,0,0
17082,400,0,0
10894,400,0,0
17070,400,0,0
17082,400,0,0
T-3134,400,0,0
T-697,400,0,0
T-1709,400,0,0
T-1709,400,0,0
T-4842,400,0,0
T-4612,400,0,0
T-2544,400,0,0
T-4552,400,0,0
T-2544,400,0,0
T-914,400,0,0
17083,400,0,0
T-2544,400,0,0
11298,400,0,0
T-4882,400,0,0
T-4984,400,0,0
10991,400,0,0
T-2544,400,0,0
T-2723,400,0,0
15354,400,0,0
T-914,400,0,0
T-1709,400,0,0
T-1709,400,0,0
16381,400,0,0
T-5232,400,0,0
T-4552,400,0,0
T-3738,400,0,0
T-3606,400,0,0
T-3606,400,0,0
11473,400,0,0
17080,400,0,0
11298,400,0,0
T-4552,400,0,0
T-4552,400,0,0
T-2961,400,0,0
T-3606,400,0,0
T-4984,400,0,0
T-4984,400,0,0
T-4497,400,0,0
T-4497,400,0,0
T-3606,400,0,0
12827,400,0,0
11308,400,0,0
3895,400,0,0
T-2140,400,0,0
T-4497,400,0,0
T-4497,400,0,0
T-1600,400,0,0
T-1330,400,0,0
12827,400,0,0
12827,400,0,0
12827,400,0,0
12827,400,0,0
12827,400,0,0
12827,400,0,0
T-4866,400,0,0
11151,400,0,0
T-4330,400,0,0
T-2738,400,0,0
T-1306,400,0,0
T-4979,400,0,0
T-4933,400,0,0
T-2141,400,0,0
T-2141,400,0,0
T-2141,400,0,0
T-3606,400,0,0
T-3606,400,0,0
T-3606,400,0,0
T-1933,400,0,0
T-4552,400,0,0
T-2738,400,0,0
T-5341,400,0,0
T-2738,400,0,0
T-663,400,0,0
T-5090,400,0,0
T-2201,400,0,0
T-3134,400,0,0
T-4425,400,0,0
T-1909,400,0,0
T-2725,400,0,0
11473,400,0,0
T-2648,400,0,0
T-2217,400,0,0
12829,400,0,0
T-5155,400,0,0
T-2010,170,0,0
T-3846,170,0,0
T-3846,170,0,0
T-3974,170,0,0
T-5341,170,0,0
T-3846,170,0,0
T-3846,170,0,0
T-2176,900,0,0
2496,900,0,0
T-4457,900,0,0
10074,2171,0,0
11356,2171,0,0
T-4979,215,0,0
11092,215,0,0
10990,750,750,1
T-3907,215,0,0
T-3907,215,0,0
11517,215,0,0
11388,215,0,0
11388,215,0,0
11388,215,0,0
T-3907,215,0,0
T-3907,215,0,0
T-3246,215,0,0
T-529,215,0,0
16966,215,0,0
11151,215,0,0
T-5230,215,0,0
T-4799,215,0,0
T-4513,215,0,0
T-2176,215,0,0
T-2176,215,0,0
16381,750,0,0
11464,750,0,0
11464,750,0,0
11464,750,0,0
T-3907,750,0,0
T-4843,750,0,0
T-2637,750,0,0
T-328,750,0,0
3762,750,0,0
T-2141,750,0,0
T-3907,750,0,0
T-5155,750,0,0
T-3148,750,0,0
3895,750,0,0
T-4055,750,0,0
T-4055,750,0,0
T-4055,750,0,0
T-4055,750,0,0
11356,750,0,0
11356,750,0,0
T-4055,750,0,0
T-4055,750,0,0
T-664,750,0,0
10827,750,0,0
T-5258,750,0,0
T-664,750,0,0
T-664,750,0,0
T-664,750,0,0
T-1268,750,0,0
16707,750,0,0
T-3907,750,0,0
T-5233,750,0,0
T-2141,750,0,0
T-2141,750,0,0
11386,750,0,0
11948,750,0,0
11952,750,0,0
10910,750,0,0
T-2141,750,0,0
11105,4679,4000,0.854883522
T-4940,4679,0,0
10910,4679,0,0
T-1134,4679,0,0
T-1134,4679,0,0
10825,4679,0,0
T-4467,4679,2700,0.577046377
T-3127,750,0,0
T-3127,750,0,0
T-3845,750,0,0
T-3845,750,0,0
15354,1189,1189,1
T-3845,750,0,0
T-3845,750,0,0
T-3167,1189,900,0.756938604
16971,4679,3000,0.641162642
10525,1550,1550,1
T-1563,900,900,1
T-4529,170,106,0.623529412
T-3412,6608,6608,1
11394,1000,1000,1
11394,4617,4400,0.952999783
11288,1537,1537,1
T-2078,900,900,1
T-3148,7286,7286,1
T-5316,400,400,1
2496,400,400,1
T-1607,940,900,0.957446809
11368,170,170,1
T-5313,400,400,1
11288,940,900,0.957446809
T-1858,400,400,1
T-3172,4700,4700,1
11439,2171,1800,0.829111009
T-2068,1500,1500,1
2535,472,0,0
2535,472,0,0
17080,900,900,1
11394,400,400,1
T-4255,4700,4700,1
16709,7687,7687,1
11517,2550,2550,1
T-4255,4700,4700,1
T-5258,201,201,1
T-1547,400,400,1
17085,7287,7287,1
T-845,8000,8000,1
11295,2000,2000,1
T-2265,165,165,1
T-1607,200,200,1
3762,890,890,1
3762,750,750,1
T-2068,400,400,1
11464,900,900,1
T-4054,170,106,0.623529412
T-4054,170,106,0.623529412
11298,2500,0,0
T-875,1062,0,0
17074,1700,1700,1
T-2141,6100,6100,1
17074,2300,2300,1
T-3237,12502,12502,1
10525,1000,1000,1
10525,1000,1000,1
10525,900,750,0.833333333
11320,750,0,0
T-4498,4700,4700,1
T-147,570,507,0.889473684
17074,900,900,1
T-1607,570,570,1
T-2394,400,400,1
10795,1080,1080,1
T-3144,400,0,0
10927,400,0,0
T-989,400,0,0
T-2637,400,0,0
T-5090,400,0,0
T-2450,400,0,0
T-1609,400,0,0
T-989,400,0,0
T-989,1012,1012,1
11371,400,0,0
11371,400,0,0
T-2450,400,0,0
11804,400,0,0
16381,400,0,0
16381,400,0,0
T-2637,400,0,0
T-989,400,0,0
T-2637,400,0,0
T-1427,400,0,0
T-2450,400,0,0
T-2262,400,0,0
T-2450,400,0,0
T-2450,400,0,0
T-3973,400,0,0
T-5257,400,0,0
15353,400,0,0
T-1016,400,0,0
T-1330,400,0,0
T-4964,400,0,0
11439,400,0,0
11439,400,0,0
T-2176,400,0,0
T-2262,400,0,0
16381,400,0,0
16381,400,0,0
16381,400,0,0
16381,400,0,0
16381,400,0,0
11310,400,0,0
16381,400,0,0
16381,400,0,0
16381,400,0,0
16381,400,0,0
16381,400,0,0
3914,400,0,0
T-430,400,0,0
T-875,400,0,0
T-875,400,0,0
11577,400,0,0
10894,400,0,0
10074,400,0,0
11308,400,0,0
10798,400,0,0
T-1330,400,0,0
T-5020,400,0,0
16387,400,0,0
T-5130,400,0,0
T-5130,400,0,0
T-3973,400,0,0
T-1306,400,0,0
T-3973,400,0,0
11948,400,0,0
T-1420,400,0,0
T-4497,400,0,0
12827,400,0,0
T-4425,400,0,0
T-4529,400,0,0
T-3937,400,0,0
T-2270,400,0,0
T-1861,400,0,0
T-2960,400,0,0
T-5020,400,0,0
T-5020,400,0,0
10074,400,0,0
T-4425,400,0,0
T-1420,400,0,0
T-1420,400,0,0
T-4843,400,0,0
11713,400,0,0
T-144,400,0,0
11713,400,0,0
11713,400,0,0
T-144,400,0,0
T-144,400,0,0
T-3137,400,0,0
T-4984,400,0,0
T-3907,400,0,0
T-3907,400,0,0
T-3907,400,0,0
T-1427,400,0,0
T-1427,400,0,0
T-1427,400,0,0
T-4529,400,0,0
T-1908,400,0,0
T-2637,400,0,0
T-2450,400,0,0
T-430,400,0,0
T-4843,400,0,0
10070,400,0,0
12827,400,0,0
T-4529,400,0,0
T-4529,400,0,0
T-1134,400,0,0
16967,400,0,0
T-2141,400,0,0
T-2141,400,0,0
T-2141,400,0,0
T-2141,400,0,0
T-2141,400,0,0
T-3907,400,0,0
T-2201,400,0,0
T-4425,400,0,0
T-4033,400,0,0
T-1306,400,0,0
T-1420,400,0,0
T-4425,400,0,0
T-4529,400,0,0
T-1425,400,0,0
T-3937,400,0,0
13058,400,0,0
17068,400,0,0
T-2176,400,0,0
16707,400,0,0
T-3973,400,0,0
T-3973,400,0,0
T-3973,400,0,0
T-3973,400,0,0
T-3973,400,0,0
13058,400,0,0
T-4612,400,0,0
T-2723,400,0,0
T-2723,400,0,0
T-3936,400,0,0
T-2725,400,0,0
T-4497,570,570,1
T-2725,400,0,0
17074,750,0,0
T-3606,750,0,0
T-3606,750,0,0
T-3606,750,0,0
T-3606,750,0,0
T-3606,750,0,0
T-3606,750,0,0
T-3606,750,0,0
T-875,750,0,0
10923,750,0,0
10923,750,0,0
10923,750,0,0
T-875,750,0,0
T-5018,750,0,0
T-2960,750,0,0
T-2960,750,0,0
T-3277,750,0,0
3716,750,0,0
10923,750,0,0
10923,750,0,0
10923,750,0,0
10923,750,0,0
10927,200,0,0
15353,200,0,0
T-4936,200,0,0
12827,200,0,0
T-3980,200,0,0
10894,200,0,0
11308,200,0,0
11099,200,0,0
11144,200,0,0
T-615,200,0,0
11151,200,0,0
2508,1703,0,0
T-1427,1703,0,0
3715,1703,0,0
11100,900,0,0
11948,900,0,0
T-3030,900,0,0
3743,900,0,0
2508,900,0,0
3743,900,0,0
12829,1189,0,0
T-3350,1189,0,0
16384,570,535,0.938596491
T-2009,400,0,0
16896,400,0,0
17083,400,0,0
T-620,400,0,0
10932,400,0,0
T-3277,400,0,0
T-3935,400,0,0
T-5704,400,0,0
T-2441,400,0,0
3715,400,0,0
T-2919,400,0,0
T-5252,400,0,0
T-5704,400,0,0
T-2017,170,107,0.629411765
T-2176,570,570,1
T-3684,2700,2700,1
10932,570,570,1
10932,570,570,1
16381,4620,4620,1
T-1812,900,840,0.933333333
11312,2500,2500,1
T-4495,170,106,0.623529412
T-1604,900,800,0.888888889
T-1408,170,170,1
T-5233,570,470,0.824561404
T-3241,570,570,1
16385,920,920,1
10988,170,106,0.623529412
T-3149,570,506,0.887719298
T-3908,570,506,0.887719298
11368,750,750,1
11368,900,900,1
17065,570,570,1
T-3148,570,506,0.887719298
T-3155,170,170,1
T-3132,900,900,1
10067,5546,5546,1
16701,3000,3000,1
12834,170,100,0.588235294
T-4111,900,750,0.833333333
10799,600,600,1
T-4033,170,170,1
T-4033,1703,1703,1
11295,750,750,1
T-2141,4500,4500,1
T-4111,570,570,1
T-4111,570,570,1
T-3412,1540,1540,1
T-4612,900,0,0
17060,5446,0,0
T-4275,170,90,0.529411765
T-4056,200,200,1
T-4275,170,144,0.847058824
3762,2171,0,0
3762,2171,0,0
3762,2171,0,0
3762,2171,0,0
T-3936,472,472,1
16898,170,170,1
T-2068,570,0,0
15365,472,472,1
3762,2171,0,0
T-402,900,900,1
T-1607,560,560,1
T-2208,400,400,1
11256,7287,7287,1
T-2226,1703,1703,1
T-2226,1703,1703,1
T-4111,400,400,1
11278,400,400,1
11278,400,400,1
11278,400,400,1
11278,400,400,1
11278,400,400,1
T-3146,570,506,0.887719298
17083,472,472,1
T-3908,400,400,1
T-3682,570,506,0.887719298
T-4425,570,506,0.887719298
10525,900,900,1
T-4715,170,106,0.623529412
11278,400,400,1
11278,400,400,1
11278,400,400,1
16709,923,923,1
11358,472,472,1
T-2207,920,920,1
11394,570,570,1
11295,750,750,1
15354,750,700,0.933333333
T-4425,170,106,0.623529412
T-3130,1650,1650,1
T-3276,170,170,1
11369,750,750,1
T-4479,1500,1500,1
12834,575,575,1
12834,575,575,1
T-4054,750,750,1
T-4479,1500,1500,1
11477,570,506,0.887719298
16971,170,170,1
16971,170,170,1
16971,170,170,1
16971,170,170,1
T-3682,170,106,0.623529412
T-3028,170,106,0.623529412
T-632,1150,1150,1
16701,570,570,1
15353,2720,2720,1
T-3157,2000,2000,1
11344,2000,2000,1
11344,2000,2000,1
T-5702,570,517,0.907017544
T-3148,400,400,1
16381,2350,2350,1
T-4479,400,400,1
T-893,570,570,1
T-2637,900,750,0.833333333
T-3289,10744,10744,1
11018,1500,1500,1
11018,950,0,0
T-2961,200,200,1
11477,169,169,1
T-2637,900,750,0.833333333
T-654,750,636,0.848
T-2007,750,750,1
T-2007,750,750,1
T-2961,200,200,1
T-4479,2200,2200,1
T-2637,10591,10591,1
17060,470,470,1
10317,400,400,1
T-4053,900,900,1
T-3280,570,570,1
T-2140,400,240,0.6
11369,750,750,1
T-3425,1710,1710,1
10989,3000,3000,1
10067,480,480,1
T-1952,4679,4000,0.854883522
T-887,2170,2170,1
T-3973,2171,2171,1
T-2211,215,0,0
T-5316,900,900,1
11296,570,506,0.887719298
T-3172,940,900,0.957446809
17079,1863,1863,1
11477,170,170,1
T-1547,570,570,1
10894,750,750,1
T-4111,570,570,1
T-4111,570,570,1
T-4111,570,570,1
15365,472,472,1
T-5146,400,400,1
T-2141,5750,5750,1
T-2141,2300,2300,1
3762,570,0,0
T-704,570,0,0
T-4935,570,0,0
16381,570,0,0
T-716,570,0,0
10074,570,0,0
10074,570,0,0
10074,570,0,0
T-5338,570,0,0
T-2208,570,0,0
10074,570,0,0
11464,570,0,0
T-4933,570,0,0
T-1009,570,0,0
16701,570,0,0
16701,570,0,0
T-3134,570,0,0
16701,570,0,0
T-4425,570,0,0
T-4425,570,0,0
T-4425,570,0,0
T-4715,570,0,0
11278,570,0,0
11278,570,0,0
T-3907,570,0,0
T-4715,570,0,0
T-615,570,0,0
T-615,570,0,0
T-615,570,0,0
T-615,570,0,0
3762,570,0,0
11144,570,0,0
T-3246,570,0,0
T-2207,570,0,0
11477,570,0,0
11477,570,0,0
T-2207,570,0,0
16387,570,0,0
17083,570,0,0
T-2078,570,0,0
T-2078,570,0,0
T-2078,570,0,0
T-2078,570,0,0
T-2078,570,0,0
T-2078,570,0,0
T-1363,570,0,0
T-4479,570,0,0
T-4479,570,0,0
T-4479,570,0,0
T-4479,570,0,0
T-4984,570,0,0
T-4984,570,0,0
T-4984,570,0,0
12829,570,0,0
T-4479,1500,1500,1
T-2207,570,0,0
T-5020,570,0,0
T-4715,570,0,0
10798,570,0,0
T-716,570,0,0
T-4984,570,0,0
T-2207,570,0,0
T-3134,570,0,0
T-3134,570,0,0
T-2207,570,0,0
T-2207,570,0,0
T-2207,570,0,0
T-3134,570,0,0
T-2207,570,0,0
T-4984,570,0,0
T-4984,570,0,0
T-4984,570,0,0
T-4984,570,0,0
T-4984,570,0,0
T-2207,570,0,0
T-3778,570,0,0
T-4425,570,0,0
11066,570,0,0
T-3134,570,0,0
T-2211,570,0,0
T-5145,570,0,0
T-1601,570,0,0
T-4425,570,0,0
T-2207,570,0,0
T-2725,570,0,0
T-825,570,0,0
T-3973,570,0,0
T-914,570,0,0
T-2725,570,0,0
T-4912,570,0,0
T-4425,570,0,0
T-1420,570,0,0
T-1420,570,0,0
T-4866,570,506,0.887719298
11347,570,0,0
11347,570,0,0
T-1420,570,0,0
11398,570,0,0
T-2725,570,0,0
T-769,570,0,0
12827,570,0,0
17080,170,0,0
T-144,170,0,0
T-5341,170,0,0
16387,170,0,0
T-3434,750,750,1
10907,750,0,0
T-4984,750,0,0
T-3157,750,0,0
T-2141,750,0,0
T-2141,750,0,0
11358,750,0,0
T-2141,750,0,0
T-2141,750,0,0
T-2141,750,0,0
T-2637,750,0,0
T-3434,750,750,1
16709,750,0,0
T-4033,750,0,0
11952,750,0,0
T-2141,750,0,0
10927,750,0,0
T-1306,750,0,0
T-806,750,0,0
10927,750,0,0
10927,750,0,0
10927,750,0,0
10927,750,0,0
11151,750,0,0
T-1363,750,0,0
16964,750,0,0
T-2141,750,0,0
T-2141,750,0,0
T-2141,750,0,0
T-2141,750,0,0
T-2723,215,0,0
T-2723,215,0,0
T-4513,215,0,0
T-5090,215,0,0
11439,215,0,0
T-4615,215,0,0
11439,215,0,0
11439,215,0,0
11439,215,0,0
11439,215,0,0
11439,215,0,0
11439,215,0,0
11439,215,0,0
11439,215,0,0
T-4676,215,0,0
T-1607,215,0,0
T-4615,215,0,0
3758,215,0,0
11439,215,0,0
T-989,215,215,1
11151,215,0,0
T-2265,2171,0,0
17081,1085,1085,1
T-1330,170,170,1
17081,210,210,1
T-5574,600,600,1
T-4468,570,472,0.828070175
T-1858,900,900,1
11205,4700,4700,1
17061,900,900,1
11272,570,540,0.947368421
T-4981,1000,1000,1
T-4529,570,506,0.887719298
3759,215,215,1
3743,170,170,1
T-704,170,170,1
T-4984,570,570,1
T-2204,920,920,1
T-2204,920,920,1
T-2204,920,920,1
T-2204,920,920,1
T-2204,920,920,1
T-2211,750,750,1
T-2204,920,920,1
T-3132,900,900,1
T-3132,900,900,1
T-3241,570,570,1
T-4984,750,750,1
T-2201,400,400,1
17085,7287,7287,1
T-2544,4617,0,0
10317,750,750,1
T-3682,570,506,0.887719298
3762,170,170,1
T-1603,200,200,1
T-1307,900,900,1
T-3132,900,900,1
T-2723,1080,1080,1
11295,900,900,1
11295,900,900,1
T-3908,570,506,0.887719298
T-2201,900,765,0.85
T-2201,1530,1530,1
T-2201,1530,1530,1
3743,570,506,0.887719298
T-5090,920,920,1
T-3132,900,900,1
T-2201,430,430,1
10317,400,400,1
T-697,8000,8000,1
17062,900,741,0.823333333
T-2208,750,750,1
15354,570,506,0.887719298
T-4481,1500,1500,1
T-4481,1500,1500,1
T-3132,4679,4679,1
T-1559,570,570,1
17074,900,900,1
T-3132,4679,4679,1
T-147,2985,2985,1
11098,885,885,1
11092,400,400,1
T-1803,400,400,1
T-2007,1800,0,0
T-3277,400,400,1
T-1425,1703,0,0
11505,1637,1637,1
10988,921,921,1
T-806,750,636,0.848
T-4056,400,400,1
17085,1941,1500,0.772797527
T-4661,570,480,0.842105263
2532,900,900,1
T-4933,170,106,0.623529412
T-4468,570,450,0.789473684
T-3852,400,400,1
T-3289,570,500,0.877192982
16381,3420,3420,1
T-2139,900,900,1
T-2544,400,400,1
T-5574,940,900,0.957446809
T-4263,570,570,1
T-2211,1703,1703,1
T-2960,900,900,1
Rahman,570,570,1
T-654,1702,1702,1
T-2078,150,150,1
12834,4700,4700,1
T-2265,165,165,1
2496,400,400,1
T-2208,900,750,0.833333333
T-3148,437,437,1
T-4552,215,215,1
16701,5600,5600,1
T-4983,429,429,1
11320,750,0,0
11320,750,0,0
T-887,570,500,0.877192982
11953,6922,6922,1
T-3134,1703,1703,1
T-1609,900,900,1
T-5574,1140,1140,1
3762,170,170,1
11524,920,750,0.815217391
11524,450,450,1
11296,4700,4700,1
11517,570,570,1
11517,570,570,1
11517,570,570,1
11517,570,570,1
11517,570,570,1
11517,570,570,1
11517,570,570,1
11517,570,570,1
11517,570,570,1
11517,570,570,1
11517,570,570,1
11517,570,570,1
T-4241,1703,1703,1
11517,570,570,1
11517,570,570,1
11517,570,570,1
11517,570,570,1
11517,570,570,1
11517,570,570,1
11517,570,570,1
T-4676,215,0,0
11517,570,570,1
T-4676,500,0,0
11517,570,570,1
11066,750,750,1
17079,570,506,0.887719298
17074,2400,2400,1
T-882,9087,9087,1
11320,750,750,1
11347,400,400,1
T-2209,570,570,1
T-2209,570,570,1
T-2209,570,570,1
T-2209,570,570,1
T-2209,570,570,1
T-3251,400,400,1
15365,470,470,1
17060,470,470,1
T-1268,900,900,1
T-4676,637,637,1
T-5258,1703,1703,1
11477,200,200,1
T-4612,1046,1046,1
T-4929,1840,1840,1
11320,1703,1703,1
11347,400,400,1
T-3852,450,450,1
11517,570,570,1
10787,6608,6608,1
11517,570,570,1
11517,570,570,1
T-4984,150,150,1
T-5146,570,500,0.877192982
T-716,750,750,1
17061,200,200,1
10894,215,215,1
11524,4750,4750,1
T-2216,4617,3500,0.75806801
10910,170,170,1
17080,201,201,1
10894,750,750,1
10894,750,750,1
11713,200,200,1
T-4258,750,750,1
T-2140,750,750,1
11320,1026,1026,1
10317,800,800,1
10894,215,215,1
T-2208,750,750,1
3743,200,200,1
T-1858,750,750,1
11314,11163,11163,1
11314,11163,11163,1
11369,170,170,1
11369,170,170,1
11369,170,170,1
11369,170,170,1
11369,170,170,1
11517,750,750,1
3762,200,200,1
3762,170,170,1
T-706,170,0,0
17080,170,106,0.623529412
T-2439,400,400,1
T-2007,570,570,1
T-3148,920,920,1.000434783
T-2208,750,750,1
10910,570,0,0
T-1807,570,0,0
T-1807,570,0,0
T-5488,570,0,0
T-3280,570,0,0
11347,570,0,0
11278,570,0,0
11099,570,0,0
12827,570,0,0
11439,570,0,0
10910,570,0,0
10797,7973,7973,1
T-875,570,0,0
T-2723,570,0,0
T-4497,570,0,0
T-4715,570,0,0
11484,570,0,0
11439,570,0,0
3895,570,0,0
3895,570,0,0
T-2216,570,0,0
T-1427,570,0,0
T-2961,570,0,0
T-2961,570,0,0
T-2207,570,0,0
10074,570,0,0
T-4984,570,0,0
16387,570,0,0
11439,570,0,0
T-5488,570,0,0
T-1427,570,0,0
T-978,570,0,0
T-1363,570,0,0
T-4848,570,0,0
T-1427,570,0,0
10798,570,0,0
T-2961,570,0,0
T-2637,570,0,0
12827,570,0,0
11310,570,0,0
T-2961,570,0,0
Rahman,570,0,0
T-2583,570,0,0
T-1427,570,0,0
T-147,570,0,0
T-806,570,0,0
T-2733,570,0,0
T-5252,570,0,0
T-5338,570,0,0
15354,570,0,0
T-1330,570,0,0
T-1672,570,0,0
T-2910,570,0,0
T-2910,570,0,0
T-2637,570,0,0
T-2010,570,0,0
11371,570,0,0
11371,570,0,0
T-3132,570,0,0
T-2723,570,0,0
17078,570,0,0
T-3132,570,0,0
T-3132,570,0,0
T-3132,570,0,0
T-3132,570,0,0
T-3132,570,0,0
T-3132,570,0,0
T-3132,570,0,0
T-3132,570,0,0
T-3144,570,0,0
T-3144,570,0,0
T-3144,570,0,0
T-4842,570,0,0
T-3244,570,0,0
T-147,570,0,0
T-2011,570,0,0
T-4497,570,0,0
10994,570,0,0
T-2011,570,0,0
T-1427,570,0,0
T-147,570,0,0
11517,570,0,0
T-2738,570,0,0
T-1053,570,0,0
2508,570,0,0
T-1268,570,0,0
T-999,570,0,0
T-1601,570,0,0
T-2961,570,0,0
T-1601,570,0,0
T-3157,570,0,0
11298,570,0,0
T-3244,570,0,0
11373,570,0,0
11066,570,0,0
T-2208,570,0,0
T-4983,570,0,0
T-3907,570,0,0
T-2176,570,0,0
T-2176,570,0,0
T-2176,570,0,0
T-2176,570,0,0
T-2176,570,0,0
T-2176,570,0,0
T-2176,570,0,0
12827,570,0,0
T-2140,570,0,0
T-3134,570,0,0
Rahman,570,0,0
10827,570,0,0
17082,570,0,0
10827,570,0,0
10827,570,0,0
T-2141,570,0,0
10827,570,0,0
T-2141,570,0,0
11948,570,0,0
T-2960,570,0,0
T-1601,570,0,0
T-2207,570,0,0
T-2207,570,0,0
T-1601,570,0,0
T-2207,570,0,0
T-2207,570,0,0
T-2207,570,0,0
3715,570,0,0
T-3907,570,0,0
T-4497,570,0,0
T-5155,570,0,0
10074,570,0,0
T-875,570,0,0
16707,570,0,0
T-1909,570,0,0
11948,570,0,0
12827,570,0,0
11948,570,0,0
T-2583,570,0,0
11713,570,0,0
11713,570,0,0
11713,570,0,0
11713,570,0,0
11713,570,0,0
3711,570,0,0
T-5145,570,0,0
16898,570,0,0
T-4467,570,0,0
T-3937,570,0,0
10525,570,0,0
11484,570,0,0
T-5258,200,200,1
13058,570,0,0
T-3247,570,0,0
T-3280,570,0,0
T-4842,570,0,0
T-663,570,0,0
T-704,570,0,0
T-3973,570,0,0
3716,570,0,0
3716,570,0,0
T-2201,570,0,0
11948,570,0,0
T-5341,570,0,0
T-5090,570,0,0
T-2450,570,0,0
11310,570,0,0
T-2723,570,0,0
T-1003,570,0,0
11310,570,0,0
T-2450,570,0,0
T-2450,570,0,0
T-4912,570,0,0
T-529,570,0,0
T-3241,570,0,0
T-2201,570,0,0
T-3126,570,0,0
T-3126,570,0,0
T-5152,570,0,0
16387,570,0,0
12827,570,0,0
12827,570,0,0
T-2961,570,0,0
T-2960,570,0,0
T-5092,570,0,0
T-825,570,0,0
T-4906,570,0,0
T-4612,570,0,0
T-2140,570,0,0
12829,570,0,0
T-3907,570,0,0
T-3289,570,0,0
T-3973,570,0,0
T-3907,570,0,0
T-825,570,0,0
11151,570,0,0
17082,570,0,0
11368,570,0,0
T-3907,570,0,0
11439,570,0,0
17082,570,0,0
17082,570,0,0
T-2544,570,0,0
T-2544,570,0,0
T-2544,570,0,0
12827,570,0,0
12827,570,0,0
12827,570,0,0
12827,570,0,0
T-1667,570,0,0
T-4715,570,0,0
T-4715,170,0,0
T-989,170,0,0
15353,170,0,0
T-989,170,0,0
T-4173,170,0,0
11439,170,0,0
T-4033,750,0,0
T-4033,750,0,0
11948,750,750,1
T-4033,750,0,0
11356,750,0,0
11356,750,0,0
11356,750,0,0
11144,750,0,0
11151,750,0,0
T-4846,750,0,0
10927,750,0,0
10927,750,0,0
10927,750,0,0
10927,750,0,0
T-806,750,0,0
T-430,750,0,0
T-4984,750,0,0
16381,750,0,0
T-4984,750,0,0
3758,750,0,0
3758,750,0,0
3758,750,0,0
3758,750,0,0
3758,750,0,0
T-2919,750,0,0
T-4845,750,0,0
10791,750,0,0
T-2541,750,0,0
16964,750,0,0
11329,750,0,0
T-1605,750,0,0
11953,750,0,0
T-3980,750,0,0
T-2139,750,0,0
11439,750,0,0
T-3684,750,0,0
11151,750,0,0
11151,750,0,0
T-2209,750,0,0
12580,750,0,0
T-4984,750,0,0
10791,750,0,0
10894,750,0,0
11948,750,0,0
11948,750,0,0
16964,750,0,0
T-1861,750,0,0
T-309,750,0,0
T-4457,215,0,0
11144,215,0,0
T-5090,215,0,0
T-5316,215,0,0
T-5316,215,0,0
T-2583,215,0,0
T-5090,215,0,0
T-5090,215,0,0
T-3777,215,0,0
T-3907,215,0,0
T-1547,215,0,0
T-2209,215,0,0
T-2209,215,0,0
11092,215,0,0
T-2910,215,0,0
T-1547,215,0,0
15353,215,0,0
15353,215,0,0
15353,215,0,0
15353,215,0,0
15353,215,0,0
T-3907,215,0,0
T-615,215,0,0
T-1003,215,0,0
T-4497,215,215,1
16889,215,215,1
17082,215,0,0
T-2961,4679,0,0
17065,4679,0,0
T-825,4679,0,0
15353,4679,0,0
11041,4679,0,0
15353,4679,0,0
15353,4679,0,0
3758,4679,0,0
T-4578,4679,0,0
T-2185,4679,0,0
15353,4679,0,0
T-2434,4679,0,0
3758,920,0,0
T-147,920,0,0
T-5020,920,0,0
11099,920,0,0
17062,920,0,0
11099,920,0,0
T-875,920,0,0
T-4497,920,0,0
T-5112,920,0,0
T-1363,920,0,0
T-4929,920,0,0
11524,920,765,0.831521739
16965,920,0,0
T-825,920,0,0
12580,920,0,0
16889,920,0,0
16381,900,0,0
16965,900,0,0
16381,900,0,0
16381,900,0,0
T-2919,900,0,0
T-4715,900,900,1
T-4715,900,900,1
17062,900,0,0
T-4906,900,0,0
T-4906,900,0,0
T-4906,900,0,0
T-4906,900,0,0
T-4933,900,0,0
T-825,1703,0,0
T-825,1703,0,0
T-652,170,106,0.623529412
T-3237,570,506,0.887719298
12834,170,170,1
T-769,923,767,0.830985915
11805,750,750,1
T-4462,1703,1587,0.931884909
T-1306,900,763,0.847777778
T-1306,900,763,0.847777778
T-1306,900,763,0.847777778
T-1306,900,763,0.847777778
T-825,570,570,1
11296,2000,2000,1
11298,2200,2200,1
T-2009,1000,1000,1
T-2535,170,170,1
T-1306,1703,1703,1
10988,921,921,1
16896,170,106,0.623529412
T-4467,900,900,1
T-1318,750,750,1
12834,570,570,1
T-769,570,500,0.877192982
T-4676,637,637,1
11092,1703,1703,1
T-3244,1800,1800,1
T-3150,200,200,1
11298,2144,0,0
T-3277,900,900,1
T-2007,570,570,1
17067,1703,1703,1
T-2535,170,170,1
T-2226,900,763,0.847777778
T-716,750,0,0
T-620,570,300,0.526315789
17065,1703,1703,1
T-3937,201,201,1
11355,9541,9541,1
T-4263,900,780,0.866666667
16709,11165,11165,1
T-5316,400,400,1
T-3244,900,0,0
T-5232,170,170,1
T-2201,400,400,1
11356,400,0,0
11356,700,0,0
T-845,900,900,1
11092,900,900,1
T-3244,750,750,1
T-3244,750,750,1
11356,400,0,0
11098,1140,1140,1
T-3244,750,750,1
T-769,570,500,0.877192982
T-1306,900,763,0.847777778
T-706,170,0,0
T-1306,1703,1703,1
T-4241,400,340,0.85
10525,650,650,1
T-3137,1703,1703,1
T-4425,2173,2173,1
T-2140,900,900,1
17061,672,672,1
T-838,570,506,0.887719298
T-1306,570,0,0
T-1408,400,400,1
T-2007,570,570,1
T-3843,570,0,0
T-2007,570,570,1
T-770,280,280,1
T-1599,570,506,0.887719298
T-5146,1050,1050,1
T-2226,570,570,1
T-3148,170,106,0.623529412
T-4612,570,570,1
T-5146,570,500,0.877192982
T-1603,170,170,1
T-769,450,450,1
T-4263,1703,1443,0.847328244
11295,215,0,0
T-5013,900,0,0
T-5013,750,0,0
T-5013,750,0,0
T-1003,400,400,1
T-1003,400,400,1
16964,400,400,1
T-5146,2850,2850,1
T-103,570,570,1
T-3973,7287,7287,1
T-3973,900,540,0.6
15354,570,506,0.887719298
15354,570,506,0.887719298
T-3973,7832,7832,1
T-4529,900,900,1
11363,200,200,1
T-4676,923,900,0.975081257
11392,3000,3000,1
T-3973,900,540,0.6
T-5574,570,570,1
T-3157,2000,2000,1
T-3277,920,920,1
3762,570,0,0
11099,570,0,0
T-2207,570,0,0
T-2723,570,0,0
T-1601,570,0,0
T-4425,570,0,0
T-5020,570,0,0
T-5155,570,0,0
T-4033,570,0,0
T-5155,570,0,0
T-109,570,0,0
T-2217,570,0,0
T-1601,570,0,0
10996,570,0,0
T-1909,570,0,0
T-1016,570,0,0
T-5150,570,0,0
11649,570,0,0
10988,570,0,0
T-5150,570,0,0
T-806,570,0,0
T-806,570,0,0
T-806,570,0,0
T-1363,570,0,0
T-3134,570,0,0
T-3134,570,0,0
T-2725,570,0,0
16387,570,0,0
T-4425,570,0,0
11144,570,0,0
T-3134,570,0,0
T-2725,570,0,0
T-663,570,0,0
T-1306,570,0,0
10798,570,0,0
T-3738,570,0,0
T-3907,570,0,0
11649,570,0,0
17082,570,0,0
T-3144,570,0,0
T-1053,570,0,0
T-3606,570,0,0
10525,570,0,0
T-3244,570,0,0
T-2176,570,0,0
T-664,570,0,0
T-4425,570,0,0
T-3137,570,0,0
T-2207,570,0,0
11713,570,0,0
T-3440,570,0,0
T-147,570,0,0
T-2170,570,0,0
T-3134,570,0,0
T-2207,570,0,0
T-2011,570,0,0
T-1601,570,0,0
T-704,570,0,0
T-4425,570,0,0
T-663,570,0,0
11713,570,0,0
T-2170,570,0,0
T-4425,570,0,0
T-3167,570,0,0
T-716,570,0,0
11477,570,0,0
T-1933,570,0,0
T-3241,570,0,0
T-2207,570,0,0
T-4330,570,0,0
T-3134,570,0,0
T-3241,570,0,0
T-3973,570,0,0
T-3973,570,0,0
T-3973,570,0,0
T-4529,570,0,0
T-1812,570,0,0
T-3134,570,0,0
T-3973,570,0,0
T-3907,570,0,0
T-1547,570,0,0
T-1601,570,0,0
T-3973,570,0,0
T-3134,570,0,0
11151,570,0,0
T-3973,570,0,0
16709,570,0,0
16709,570,0,0
16709,570,0,0
T-3973,570,0,0
T-3973,570,0,0
T-3973,570,0,0
T-3973,570,0,0
T-3973,570,0,0
17082,570,0,0
T-3973,570,0,0
T-3126,570,0,0
T-3973,570,0,0
11477,570,0,0
11804,570,0,0
11804,570,0,0
11804,570,0,0
T-2207,570,0,0
T-2725,570,0,0
T-5090,570,0,0
T-5090,570,0,0
T-706,570,0,0
T-147,570,0,0
T-4866,570,506,0.887719298
T-147,570,0,0
T-3433,570,0,0
T-4612,570,0,0
T-706,570,0,0
T-716,570,0,0
T-1812,570,0,0
T-1812,570,0,0
17082,570,0,0
12829,570,0,0
T-147,570,0,0
T-3132,570,0,0
T-3132,570,0,0
T-3132,570,0,0
T-3132,570,0,0
T-3132,570,0,0
10074,570,0,0
T-3167,570,0,0
16387,570,0,0
T-2725,570,0,0
T-1601,570,0,0
T-1601,570,0,0
10074,570,0,0
10074,570,0,0
T-3973,570,0,0
T-1601,570,0,0
T-4612,570,0,0
T-5130,570,0,0
T-1363,570,0,0
T-5145,570,0,0
11464,570,0,0
11464,570,0,0
11464,570,0,0
11464,570,0,0
11464,570,0,0
11464,570,0,0
11464,570,0,0
11464,570,0,0
11464,570,0,0
11464,570,0,0
11464,570,0,0
11464,570,0,0
11464,570,0,0
11464,570,0,0
11464,570,0,0
11464,570,0,0
11464,570,0,0
11464,570,0,0
11464,570,0,0
11464,570,0,0
11464,570,0,0
11464,570,0,0
11464,570,0,0
11464,570,0,0
11464,570,0,0
11464,570,0,0
11464,570,0,0
11464,570,0,0
11464,570,0,0
11464,570,0,0
11464,570,0,0
11464,570,0,0
11464,570,0,0
11464,570,0,0
11464,570,0,0
11464,570,0,0
11464,570,0,0
11464,570,0,0
11464,570,0,0
11464,570,0,0
11464,570,0,0
11464,570,0,0
11464,570,0,0
11464,570,0,0
11464,570,0,0
11464,570,0,0
11464,570,0,0
11464,570,0,0
11310,570,0,0
T-3134,570,0,0
11371,570,0,0
11310,570,0,0
16387,570,0,0
16387,570,0,0
11347,570,0,0
T-1909,570,0,0
T-2176,570,0,0
T-4054,570,0,0
3762,570,570,1
3762,570,0,0
T-2723,570,0,0
T-3144,570,0,0
T-3144,570,0,0
T-3144,570,0,0
T-2201,570,0,0
T-5341,170,0,0
17086,170,0,0
11099,170,0,0
11948,215,0,0
T-3144,215,0,0
T-1408,215,0,0
T-1408,215,0,0
T-3851,215,0,0
11295,215,0,0
T-1861,215,0,0
17067,215,0,0
11339,750,0,0
T-5091,750,0,0
T-1086,750,0,0
T-2216,750,0,0
T-309,750,0,0
T-875,750,0,0
T-4497,750,0,0
T-2141,750,0,0
T-1427,750,0,0
T-1427,750,0,0
T-1427,750,0,0
11099,750,0,0
T-5488,750,0,0
3762,750,750,1
T-875,750,0,0
T-2009,750,0,0
T-875,750,0,0
T-1559,750,0,0
T-1559,750,0,0
T-1559,750,0,0
11948,750,0,0
T-4586,1703,0,0
T-2176,1703,0,0
11066,1703,0,0
12580,1703,0,0
T-2176,1703,0,0
10525,4617,4200,0.909681611
T-1003,4617,0,0
T-929,570,570,1
T-4866,170,106,0.623529412
T-615,400,400,1
12831,1550,1550,1
T-3192,1406,1406,1
T-4866,170,106,0.623529412
T-4384,900,900,1
T-929,570,570,1
11473,400,400,1
16384,570,535,0.938596491
16889,940,940,1
T-929,900,900,1
T-4384,570,506,0.887719298
T-5315,7287,7287,1
11394,4700,4700,1
10797,570,570,1
16384,1464,1464,1
T-5315,15000,15000,1
T-3348,6558,6558,1
T-5315,5600,5600,1
T-1908,900,900,1
T-5315,5600,5600,1
16384,570,506,0.887719298
10797,1510,1510,1
T-3348,570,506,0.887719298
T-615,170,170,1
T-1053,900,900,1
11368,900,900,1
T-2923,200,200,1
T-4611,8260,8260,1
T-3348,570,506,0.887719298
T-1427,1703,1703,1
11394,2000,2000,1
11394,2000,2000,1
11368,1800,1800,1
11369,900,900,1
T-1424,2210,2210,1
T-1858,570,570,1
T-1858,570,570,1
T-1858,570,570,1
T-1858,570,570,1
T-1858,570,570,1
T-1858,570,570,1
T-1408,200,200,1
T-1858,570,570,1
T-1858,570,570,1
T-1858,570,570,1
T-1858,570,570,1
T-4354,200,200,1
T-4354,200,200,1
T-5146,2000,2000,1
11394,4700,4700,1
T-4528,170,170,1
T-4354,200,200,1
T-2185,4617,3500,0.75806801
T-3132,429,429,1
T-5146,570,500,0.877192982
11649,900,900,1
T-3348,570,506,0.887719298
3711,4700,4700,1
T-3244,400,400,1
11369,4838,4838,1
T-3127,7287,7287,1
T-4425,570,506,0.887719298
3711,4700,4700,1
T-2503,650,650,1
10996,170,106,0.623529412
11388,570,540,0.947368421
2226,7145,7145,1
T-2204,200,200,1
11380,182,0,0
11380,182,0,0
11380,182,0,0
T-2262,570,0,0
T-5315,7287,7287,1
T-3133,1800,1800,1
11517,750,750,1
T-4612,1703,1703,1
T-3277,8693,8693,1
T-929,570,570,1
11151,400,400,1
11151,400,400,1
T-2583,170,170,1
3762,750,750,1
T-1861,750,750,1
11517,400,400,1
T-4479,750,750,1
10799,2750,2750,1
17075,180,180,1
T-2017,570,506,0.887719298
T-3852,750,750,1
T-2535,170,170,1
T-3144,4679,1800,0.384697585
T-4583,920,920,1
T-929,170,144,0.847058824
T-3146,170,110,0.647058824
17074,4679,3000,0.641162642
T-4843,200,200,1
11805,2000,2000,1
11805,2000,2000,1
T-3852,750,750,1
T-1318,900,900,1
17085,570,506,0.887719298
T-1272,215,215,1
T-4513,472,472,1
T-3127,170,106,0.623529412
T-615,170,170,1
11392,900,200,0.222222222
T-3151,400,400,1
T-5232,570,506,0.887719298
T-4940,900,900,1
T-3192,900,900,1
T-2009,570,506,0.887719298
T-620,472,472,1
T-5232,570,506,0.887719298
11392,570,570,1
11392,570,570,1
T-654,1703,1703,1
T-3167,900,900,1
T-3167,900,900,1
T-3167,900,900,1
T-5253,570,510,0.894736842
T-4676,637,637,1
11278,900,900,1
11577,900,900,1
T-706,170,0,0
T-3169,1703,1703,1
T-4258,570,570,1
T-4258,570,570,1
T-4258,570,570,1
T-4258,570,570,1
T-4258,570,570,1
T-4258,570,570,1
T-4258,570,570,1
T-4258,570,570,1
T-4258,570,570,1
T-4258,570,570,1
T-4258,570,570,1
16385,450,450,1
17061,2400,2400,1
T-929,570,570,1
T-4529,170,90,0.529411765
16965,900,900,1
T-1318,900,900,1
T-4528,150,150,1
T-4478,900,900,1
17060,150,150,1
T-2450,1703,1703,1
T-1268,900,900,1
T-2503,570,570,1
T-929,215,0,0
11151,200,200,1
11151,200,200,1
T-3126,570,570,1
11151,600,600,1
T-929,215,0,0
T-4354,7287,7287,1
3714,750,750,1
T-1138,450,450,1
17062,1526,1526,1
17066,11840,11840,1
T-4497,570,570,1
T-2733,900,900,1
T-2583,212,212,1
11577,1140,1140,1
11313,650,650,1
T-1603,400,400,1
17074,4679,3600,0.76939517
T-5316,900,900,1
17074,4679,3600,0.76939517
17074,900,900,1
T-4425,170,106,0.623529412
17074,900,900,1
T-845,900,900,1
17076,380,380,1
16897,570,545,0.956140351
16897,570,545,0.956140351
T-144,11152,11152,1
16384,7287,7287,1
T-3907,1140,1140,1
T-2755,170,170,1
T-147,1062,1062,1
T-147,1062,1062,1
15353,900,900,1
T-1408,200,200,1
T-716,170,125,0.735294118
T-147,1062,1062,1
Rahman,570,570,1
Rahman,570,570,1
T-887,170,144,0.847058824
16897,570,545,0.956140351
T-5090,4700,4700,1
16897,570,545,0.956140351
16897,570,545,0.956140351
16897,570,545,0.956140351
T-4263,400,339,0.8475
16897,570,545,0.956140351
16897,570,545,0.956140351
T-147,1062,1062,1
T-147,1062,1062,1
16897,570,545,0.956140351
16897,570,545,0.956140351
T-4434,1140,1140,1
11953,923,923,1
T-1547,900,900,1
T-1306,1543,1543,1
10994,900,900,1
T-5090,4700,4700,1
3743,1127,1127,1
T-5090,570,570,1
11388,400,400,1
11347,4700,4700,1
T-3157,750,750,1
17080,1703,0,0
T-3148,750,750,1
T-3351,750,750,1
11099,7287,7287,1
17074,900,900,1
T-929,170,144,0.847058824
T-3172,900,750,0.833333333
T-3172,900,750,0.833333333
T-3172,900,750,0.833333333
T-448,170,106,0.623529412
T-1010,570,540,0.947368421
11948,570,0,0
T-2725,570,0,0
11948,1140,1140,1
T-1861,570,0,0
T-3144,570,0,0
T-1861,570,0,0
T-1861,570,0,0
T-1861,570,0,0
T-5011,570,0,0
T-2961,570,0,0
T-4842,570,0,0
10074,570,0,0
T-1601,570,0,0
16387,570,0,0
3762,570,0,0
T-4867,570,0,0
T-4330,570,0,0
12827,570,0,0
T-664,570,0,0
T-4612,570,0,0
13058,570,0,0
T-3134,570,0,0
T-663,570,0,0
T-2961,570,0,0
T-5011,570,0,0
T-2176,570,0,0
T-4867,570,0,0
13058,570,0,0
10798,570,0,0
T-3134,570,0,0
T-3973,570,0,0
10798,570,0,0
T-4425,570,0,0
T-4425,570,0,0
10074,570,0,0
11298,570,0,0
T-2961,570,0,0
T-2201,570,0,0
T-2207,570,0,0
10074,570,0,0
10798,570,0,0
T-4612,570,0,0
T-2961,570,0,0
11356,570,0,0
T-3973,570,0,0
T-4612,570,0,0
T-4612,570,0,0
T-3973,570,0,0
T-4612,570,0,0
T-4612,570,0,0
11356,570,0,0
T-4612,570,0,0
T-3973,570,0,0
T-663,570,0,0
T-5020,570,0,0
T-2961,570,0,0
T-147,570,0,0
T-5342,570,0,0
T-4715,570,0,0
T-4612,570,0,0
T-4612,570,0,0
11356,570,0,0
T-3973,570,0,0
T-5090,570,0,0
T-147,570,0,0
15354,570,0,0
15354,570,0,0
T-4242,570,0,0
10798,570,0,0
11805,570,0,0
T-3144,570,0,0
T-3244,570,0,0
T-2262,570,0,0
T-2176,570,0,0
T-2176,570,0,0
T-663,570,0,0
T-5114,570,0,0
11373,570,0,0
T-5090,570,0,0
T-5090,570,0,0
T-5090,570,0,0
T-2201,570,0,0
T-2201,570,0,0
T-1812,570,0,0
T-2201,570,0,0
T-2201,570,0,0
T-2201,570,0,0
T-2201,570,0,0
T-2201,570,0,0
T-3247,570,0,0
T-2201,570,0,0
T-2201,570,0,0
T-2201,570,0,0
10827,570,0,0
T-3132,570,0,0
T-5110,570,0,0
T-2207,570,0,0
2535,570,0,0
T-3134,570,0,0
T-448,570,0,0
T-5114,570,0,0
T-2229,570,0,0
12827,570,0,0
T-4842,570,0,0
T-4842,570,0,0
T-4842,570,0,0
T-4842,570,0,0
17082,570,0,0
T-4612,570,0,0
T-663,570,0,0
T-1601,570,0,0
T-4425,570,0,0
T-1330,570,0,0
16709,570,0,0
T-3973,570,0,0
T-3973,570,0,0
T-3973,570,0,0
T-3973,570,0,0
12580,570,0,0
T-2725,570,0,0
T-2725,570,0,0
T-663,570,0,0
T-2229,570,0,0
T-989,170,0,0
T-4715,170,0,0
T-4715,170,0,0
T-4715,170,0,0
T-3846,170,0,0
T-4715,170,0,0
T-5341,170,0,0
T-2010,170,0,0
T-3846,170,0,0
T-3846,170,0,0
T-3846,170,0,0
T-3846,170,0,0
T-3846,170,0,0
T-3846,170,0,0
11310,170,0,0
16964,750,0,0
11339,750,0,0
10525,750,750,1
T-1306,750,0,0
T-2270,750,0,0
11386,750,0,0
11369,750,0,0
16964,750,0,0
16707,750,0,0
11524,750,0,0
T-3144,215,0,0
T-2637,215,0,0
T-1086,215,0,0
T-5013,215,0,0
12829,215,0,0
13052,215,0,0
T-3137,215,0,0
T-989,215,0,0
T-989,215,0,0
T-4354,7287,7287,1
10825,7856,7856,1
T-664,4679,0,0
15353,4679,0,0
15353,4679,0,0
11018,920,0,0
T-2229,920,0,0
T-2229,920,0,0
T-1363,920,0,0
T-2229,920,0,0
11347,920,0,0
17069,750,750,1
T-1908,170,106,0.623529412
T-1908,170,106,0.623529412
T-1908,170,106,0.623529412
T-1908,170,106,0.623529412
T-1908,170,106,0.623529412
T-5113,750,750,1
17069,900,920,1.022222222
T-3140,570,506,0.887719298
T-4497,400,340,0.85
Rahman,570,570,1
T-2961,750,750,1
T-2961,750,750,1
T-2961,750,750,1
T-5113,170,170,1
T-5114,570,570,1
10988,570,0,0
10825,570,570,1
T-4583,400,400,1
11288,400,0,0
T-4866,170,170,1
T-3433,7500,7500,1
T-3433,7287,6608,0.906820365
T-4583,400,400,1
T-5113,750,750,1
T-2544,900,900,1
T-2923,170,170,1
T-4583,400,400,1
T-4583,400,400,1
T-4583,400,400,1
T-4583,400,400,1
T-4583,400,400,1
T-4583,400,400,1
T-4583,400,400,1
T-4583,400,400,1
T-4583,400,400,1
T-4583,400,400,1
T-5113,750,750,1
10825,1120,1120,1
11075,400,400,1
11075,400,400,1
T-4583,400,400,1
T-4583,400,400,1
T-4583,400,400,1
T-4583,400,400,1
10825,1120,1120,1
T-4583,400,400,1
T-4583,400,400,1
T-4583,400,400,1
11075,400,400,1
11075,400,400,1
11075,400,400,1
T-4583,400,400,1
T-4583,400,400,1
T-2505,920,920,1
3762,1800,0,0
T-5113,750,750,1
T-5113,170,276,1.623529412
T-2209,3500,3500,1
T-5114,215,200,0.930232558
T-4662,1703,2088,1.226071638
T-3142,7050,7050,1
T-3142,7050,7050,1
T-2544,400,400,1
Rahman,570,570,1
T-3134,400,429,1.0725
T-845,900,900,1
T-3973,170,0,0
Rahman,170,170,1
11799,1240,1240,1
T-2544,400,400,1
T-2544,1300,1300,1
3762,170,170,1
T-2544,400,400,1
T-2544,400,400,1
T-2544,1300,1300,1
T-2544,400,400,1
T-1134,570,570,1
11439,4679,3200,0.683906818
11952,4679,4700,1.004488138
T-4478,1500,0,0
11439,4679,3200,0.683906818
T-1857,170,106,0.623529412
11439,4679,3200,0.683906818
11439,4679,3200,0.683906818
11439,900,900,1
11439,4679,3200,0.683906818
11517,4679,1500,0.320581321
11439,4679,3200,0.683906818
11517,4679,2400,0.512930113
T-4676,215,200,0.930232558
T-2207,1153,1153,1
T-2007,4679,1500,0.320581321
11439,4679,3200,0.683906818
11517,4679,1500,0.320581321
16896,570,106,0.185964912
11517,4679,1500,0.320581321
T-4934,705,705,1
11439,4679,3200,0.683906818
11439,900,900,1
11439,4679,3200,0.683906818
11439,900,900,1
11296,570,506,0.887719298
T-2007,4679,1500,0.320581321
T-2007,4679,1500,0.320581321
T-2007,900,900,1
T-2007,1800,1800,1
11296,570,506,0.887719298
T-2007,1800,1800,1
T-3150,570,650,1.140350877
T-2269,400,400,1
12826,900,900,1
T-2007,4679,1500,0.320581321
T-2007,900,900,1
T-2007,4679,1500,0.320581321
T-3907,900,950,1.055555556
T-2007,4679,1500,0.320581321
T-2007,4679,1500,0.320581321
11482,940,900,0.957446809
11517,4679,1500,0.320581321
T-2637,900,900,1
Rahman,400,400,1
T-2007,900,900,1
T-2007,4679,1500,0.320581321
T-4867,1316,1460,1.109422492
10825,4679,6686,1.428937807
T-3851,570,570,1
12834,570,506,0.887719298
T-4111,900,900,1
T-5146,4679,800,0.170976704
T-1609,570,570,1
15365,4679,5546,1.185296003
T-1861,750,750,1
T-4929,4679,4700,1.004488138
11356,7050,7050,1
11298,170,170,1
T-2208,400,400,1
11482,4679,4800,1.025860227
3762,400,400,1
T-2010,2301,2301,1
T-4056,400,472,1.18
T-2213,570,0,0
T-2213,570,0,0
T-3937,170,201,1.182352941
T-1408,170,170,1
T-887,400,400,1
17066,400,400,1
11517,900,900,1
T-3244,400,400,1
T-4529,4679,6175,1.319726437
11517,1009,1009,1
T-1408,170,170,1
T-5145,170,90,0.529411765
T-1861,4679,2700,0.577046377
T-1272,1703,0,0
T-716,170,200,1.176470588
T-929,570,570,1
T-5148,1250,1250,1
10929,4679,4800,1.025860227
T-4979,750,750,1
T-4979,750,750,1
11464,5630,0,0
T-4583,215,0,0
T-2140,4700,4700,1
T-2961,750,750,1
16385,920,920,1
10074,4679,0,0
10988,570,506,0.887719298
11477,170,200,1.176470588
T-402,570,570,1
T-1672,6400,6400,1
T-2140,750,0,0
T-1861,900,900,1
11439,1703,0,0
11298,215,215,1
11298,570,570,1
T-1053,7287,7287,1
T-1861,900,900,1
16898,170,170,1
T-2201,750,0,0
11952,900,900,1
17062,170,180,1.058823529
11471,920,920,1
11105,7287,7287,1
T-4478,570,570,1
T-4586,920,920,1
T-2973,900,900,1
11649,1703,2360,1.385789783
T-2068,900,900,1
10996,170,106,0.623529412
T-1425,1703,2000,1.174398121
T-2544,400,400,1
T-2007,570,0,0
T-4528,4679,4680,1.000213721
2497,7287,8187,1.123507616
T-1363,1062,1062,1
T-2007,215,200,0.930232558
T-2007,215,200,0.930232558
T-2007,215,200,0.930232558
T-4552,4679,3600,0.76939517
T-5090,900,900,1
T-402,570,570,1
T-4425,170,170,1
 T-5231,400,400,1
T-1148,900,900,1
T-1672,6400,0,0
T-1861,900,900,1
T-3433,170,250,1.470588235
T-3973,1703,1703,1
T-2535,900,900,1
T-4173,400,400,1
T-4255,1127,1127,1
T-3151,1102,507,0.460072595
T-1908,170,170,1
T-3351,170,170,1
T-3974,2500,2500,1
16705,170,200,1.176470588
T-3682,570,506,0.887719298
T-3151,570,507,0.889473684
T-3244,940,1070,1.138297872
T-3172,900,900,1
T-3198,170,106,0.623529412
T-3933,400,400,1
11288,750,750,1
11288,400,400,1
11288,400,400,1
11369,400,400,1
T-697,920,920,1
T-4529,4679,3965,0.847403291
T-2208,400,400,1
T-3933,913,900,0.985761227
3743,170,170,1
3743,170,170,1
3743,170,170,1
3743,170,170,1
3743,170,170,1
T-3738,400,472,1.18
10074,1703,1703,1
10798,570,570,1
10074,1703,1703,1
T-4478,900,900,1
T-4983,570,570,1
T-3434,400,350,0.875
17079,1800,1800,1
17079,940,900,0.957446809
T-769,400,450,1.125
T-2207,1102,1102,1
T-4936,570,540,0.947368421
T-4676,570,500,0.877192982
T-4676,570,500,0.877192982
3762,170,170,1
T-5574,170,170,1
11154,170,150,0.882352941
T-1306,6818,6818,1
17068,570,570,1
T-4340,170,250,1.470588235
T-3937,170,201,1.182352941
T-2170,1200,1200,1
17079,1703,2360,1.385789783
17079,1703,2360,1.385789783
3762,570,570,1
11477,1044,1044,1
T-1858,900,900,1
T-1858,900,900,1
T-3434,400,350,0.875
11075,7287,7287,1
T-4962,4679,2500,0.534302201
11953,570,570,1
T-2201,750,750,1
T-4056,400,400,1
T-2139,570,570,1
T-4425,570,0,0
11278,570,0,0
T-4054,570,0,0
11805,570,0,0
11805,570,0,0
T-4425,570,0,0
T-4715,570,0,0
T-4912,570,0,0
T-3134,570,0,0
T-4425,570,0,0
T-3134,570,0,0
10074,570,0,0
T-2738,570,0,0
T-5011,570,0,0
T-2207,570,0,0
10074,570,0,0
T-2723,570,0,0
T-2723,570,0,0
T-4984,570,0,0
T-4984,570,0,0
T-2723,570,0,0
T-2723,570,0,0
T-2723,570,0,0
T-5011,570,0,0
T-5258,570,0,0
T-5150,570,0,0
T-2207,570,0,0
T-2201,570,0,0
T-2201,570,0,0
T-3973,570,0,0
T-2201,570,0,0
T-4425,570,0,0
T-4984,570,0,0
T-4529,570,0,0
T-3973,570,0,0
T-4054,570,0,0
T-4984,570,0,0
T-4842,570,0,0
T-2140,570,0,0
T-4425,570,0,0
T-4842,570,0,0
11100,570,0,0
T-3973,570,0,0
T-4979,570,0,0
T-2207,570,0,0
T-3134,570,0,0
T-3134,570,0,0
T-5011,570,0,0
10827,570,0,0
T-3134,570,0,0
T-5114,570,0,0
T-5466,570,0,0
3715,570,0,0
T-4497,570,0,0
T-2723,570,0,0
T-3973,570,0,0
10074,570,0,0
T-5114,570,0,0
T-3778,570,0,0
T-3778,570,0,0
T-2961,570,0,0
T-806,570,0,0
T-2208,570,0,0
T-2208,570,0,0
T-5466,570,0,0
11805,570,0,0
T-3738,570,0,0
T-5466,570,0,0
T-663,570,0,0
T-663,570,0,0
10827,570,0,0
11356,570,0,0
T-3144,570,0,0
T-3144,570,0,0
T-3134,570,0,0
T-3134,570,0,0
10798,570,0,0
10798,570,0,0
T-5466,570,0,0
17082,570,0,0
17082,570,0,0
T-4715,570,0,0
T-3973,570,0,0
T-5466,570,0,0
10994,570,0,0
T-2207,570,0,0
11278,570,0,0
11278,570,0,0
T-2211,570,0,0
T-1363,570,0,0
T-893,570,0,0
T-1306,570,0,0
T-1306,570,0,0
T-1306,570,0,0
11477,570,0,0
11356,570,0,0
11356,570,0,0
11356,570,0,0
T-1306,570,0,0
17082,570,0,0
17082,570,0,0
T-3134,570,0,0
T-1363,570,0,0
T-1363,570,0,0
T-1363,570,0,0
T-1363,570,0,0
10827,570,0,0
T-1363,570,0,0
T-1363,570,0,0
T-1363,570,0,0
T-1363,570,0,0
T-1363,570,0,0
T-1363,570,0,0
T-3132,570,0,0
T-704,570,0,0
T-3132,570,0,0
T-3132,570,0,0
T-3132,570,0,0
T-3132,570,0,0
T-3132,570,0,0
T-3132,570,0,0
T-3132,570,0,0
T-3132,570,0,0
T-3132,570,0,0
T-4984,570,0,0
10994,570,0,0
T-2207,570,0,0
T-4056,570,0,0
T-3973,570,0,0
T-4715,570,0,0
T-4984,570,0,0
T-4984,570,0,0
11272,570,0,0
11272,570,0,0
T-4529,570,0,0
T-2960,570,0,0
T-1600,570,0,0
10994,570,0,0
T-2010,570,0,0
T-4912,570,0,0
T-4912,570,0,0
16889,570,0,0
16889,570,0,0
T-663,570,0,0
3715,570,0,0
T-3167,570,0,0
T-2265,570,0,0
T-3241,570,0,0
T-1601,570,0,0
T-2262,570,0,0
T-2265,570,0,0
T-704,570,0,0
10827,570,0,0
T-2961,570,0,0
Rahman,570,0,0
T-4583,570,0,0
3715,570,0,0
T-1547,570,0,0
T-5011,570,0,0
T-5011,570,0,0
T-4984,570,0,0
10827,570,0,0
11288,570,0,0
17081,570,0,0
T-5574,570,0,0
T-3167,570,0,0
T-3606,570,0,0
T-2211,570,0,0
11151,570,0,0
T-4529,570,0,0
12835,570,0,0
T-4513,570,0,0
T-2725,570,0,0
T-2201,570,0,0
T-3933,570,0,0
11288,570,0,0
T-4842,570,0,0
17081,570,0,0
T-2140,570,0,0
T-3144,570,0,0
T-2637,570,0,0
T-3167,570,0,0
11339,570,0,0
T-2262,570,0,0
T-4497,570,0,0
T-2262,570,0,0
T-3144,570,0,0
T-2262,570,0,0
T-1601,570,0,0
T-2262,570,0,0
T-3167,570,0,0
T-4984,570,0,0
T-1670,570,0,0
2607,570,0,0
T-3167,570,0,0
11151,570,0,0
T-2207,570,0,0
T-2176,570,0,0
T-5574,570,0,0
T-2209,570,0,0
T-3973,570,0,0
T-4984,570,0,0
T-4984,570,0,0
T-4984,570,0,0
T-2209,570,0,0
T-4425,570,0,0
T-3973,570,0,0
T-914,570,0,0
T-914,570,0,0
T-5110,570,0,0
T-2725,570,0,0
T-1670,570,0,0
T-5110,570,0,0
T-3973,570,0,0
T-4984,570,0,0
T-4497,570,0,0
T-147,570,0,0
T-1601,570,0,0
T-147,570,0,0
17081,570,0,0
T-3937,570,0,0
T-5574,570,0,0
11717,570,0,0
T-2262,570,0,0
T-3132,570,0,0
T-3606,570,0,0
10827,570,0,0
T-2201,570,0,0
T-4935,570,0,0
T-3132,570,0,0
T-3132,570,0,0
T-3132,570,0,0
T-3132,570,0,0
T-3132,570,0,0
T-3132,570,0,0
T-3132,570,0,0
T-3132,570,0,0
T-3132,570,0,0
T-3132,570,0,0
T-3132,570,0,0
T-3132,570,0,0
T-3132,570,0,0
T-3132,570,0,0
T-2725,570,0,0
10798,570,0,0
10798,570,0,0
T-4513,570,0,0
T-3606,570,0,0
T-1601,570,0,0
T-4425,570,0,0
T-3144,570,0,0
T-2961,570,0,0
T-3167,570,0,0
T-4964,570,0,0
T-4964,570,0,0
11398,170,0,0
T-2010,170,0,0
T-3974,170,0,0
T-2010,170,0,0
T-989,170,0,0
T-989,170,0,0
T-989,170,0,0
T-3846,170,0,0
T-2142,170,0,0
T-1086,215,0,0
T-2910,215,0,0
T-1858,215,0,0
T-1858,215,0,0
T-1858,215,0,0
T-1858,215,0,0
T-4715,215,0,0
T-1858,215,0,0
T-1858,215,0,0
T-1858,215,0,0
T-1858,215,0,0
T-1858,215,0,0
3743,215,0,0
T-4936,215,0,0
T-2535,215,0,0
3743,215,0,0
11369,215,0,0
T-2637,215,0,0
T-1547,215,0,0
T-2176,215,0,0
T-2176,215,0,0
T-2176,215,0,0
T-2176,215,0,0
T-3907,215,0,0
3895,215,0,0
3895,215,0,0
11711,215,0,0
T-2910,215,0,0
3895,215,0,0
11339,750,0,0
16964,750,0,0
T-3280,750,0,0
11205,750,0,0
T-4715,750,0,0
T-2910,750,0,0
T-2910,750,0,0
T-606,750,0,0
10922,750,0,0
10922,750,0,0
T-5018,750,0,0
T-1427,750,0,0
10922,750,0,0
T-3544,750,0,0
11151,750,0,0
11948,750,0,0
11948,750,0,0
11108,750,0,0
T-2450,750,0,0
T-2450,750,0,0
T-706,750,0,0
T-2450,750,0,0
T-2450,750,0,0
T-5147,750,0,0
T-706,750,0,0
T-2450,750,0,0
11948,750,0,0
11948,750,0,0
11948,750,0,0
11948,750,0,0
11948,750,0,0
T-1559,750,0,0
T-1559,750,0,0
T-510,750,750,1
10826,750,0,0
T-2637,750,0,0
17062,750,0,0
T-2176,750,0,0
11477,750,0,0
T-4078,750,0,0
T-3137,750,0,0
T-4078,750,0,0
T-4078,750,0,0
T-1306,750,0,0
T-3152,750,0,0
T-2910,750,0,0
12826,750,0,0
16387,750,0,0
T-1933,750,0,0
10791,750,0,0
T-1363,900,0,0
T-5020,900,0,0
16965,900,0,0
T-875,900,0,0
3895,900,0,0
T-2961,900,0,0
11471,900,0,0
T-1363,900,0,0
T-1363,900,0,0
16387,900,0,0
T-1134,900,0,0
T-4583,400,400,1
T-1053,750,750,1
T-3169,400,400,1
T-3169,215,0,0
T-3348,570,506,0.887719298
T-1053,400,400,1
T-1053,750,750,1
11075,400,400,1
11075,400,400,1
11075,400,400,1
11075,400,400,1
11075,400,400,1
T-1036,170,170,1
T-3142,7050,7050,1
16897,400,400,1
T-1003,400,400,1
T-3169,170,106,0.623529412
16897,170,180,1.058823529
T-4842,750,750,1
T-1036,170,170,1
T-2725,400,429,1.0725
2535,1703,1703,1
17061,900,1300,1.444444444
T-3777,1062,1062,1
T-2637,1703,0,0
T-2434,4679,4200,0.897627698
T-531,1800,2000,1.111111111
T-2637,1703,0,0
T-646,400,450,1.125
T-4583,900,900,1
T-4583,570,504,0.884210526
12834,2275,2275,1
T-529,4679,4679,1
T-3425,1703,1703,1
T-4531,400,400,1
T-4843,900,900,1
16897,170,200,1.176470588
3743,1703,1703,1
T-2880,570,570,1
T-3936,400,472,1.18
T-3936,400,472,1.18
T-4583,570,504,0.884210526
T-4583,570,504,0.884210526
T-3911,570,570,1
11275,400,429,1.0725
2532,4679,5270,1.12630904
T-4111,900,900,1
T-3140,570,506,0.887719298
11363,1800,1820,1.011111111
16387,7287,7287,1
T-4081,400,400,1
T-3934,170,106,0.623529412
10317,570,0,0
10317,570,0,0
10317,570,0,0
10317,570,0,0
11482,1500,1500,1
11482,900,900,1
11482,900,900,1
T-328,750,750,1
11313,4700,4700,1
T-1937,6250,6250,1
T-5145,400,339,0.8475
T-4263,400,339,0.8475
T-2535,170,170,1
3743,170,0,0
11308,4700,4700,1
10317,570,0,0
T-3169,900,900,1
10317,570,0,0
T-1861,900,900,1
T-3434,400,350,0.875
11288,400,400,1
T-2213,570,570,1
17065,400,400,1
T-3348,570,506,0.887719298
T-4663,570,500,0.877192982
T-5338,570,506,0.887719298
T-4583,506,0,0
T-5574,2500,2500,1
T-2265,570,637,1.11754386
17061,4679,4000,0.854883522
T-1046,1062,1062,1
11952,570,570,1
16965,7145,7145,1
T-1607,570,570,1
T-3132,920,920,1
10825,5546,5546,1
16709,8187,8187,1
T-4330,215,215,1
T-887,570,506,0.887719298
T-3907,570,570,1
11482,900,900,1
11356,570,570,1
T-5146,1000,1000,1
2193,1140,1140,1
T-1607,1703,1703,1
17080,400,450,1.125
T-2544,170,170,1
T-1607,940,1220,1.29787234
T-3244,900,900,1
T-3348,1518,1518,1
T-328,750,750,1
T-929,570,0,0
T-929,570,0,0
T-929,570,0,0
T-4531,170,170,1
T-2201,750,0,0
10825,5546,5546,1
11298,750,750,1
T-3244,900,900,1
T-5155,215,200,0.930232558
T-4531,1703,0,0
11308,4679,4679,1
T-2961,570,0,0
T-1547,570,0,0
T-2725,570,0,0
T-2201,570,0,0
T-2201,570,0,0
T-3241,570,0,0
T-5258,570,0,0
11278,570,0,0
T-2725,570,0,0
11278,570,0,0
11278,570,0,0
11278,570,0,0
T-4425,570,0,0
10799,570,0,0
11278,570,0,0
11278,570,0,0
T-4425,570,0,0
3895,570,0,0
T-4715,570,0,0
T-2176,570,0,0
T-2176,570,0,0
T-4715,570,0,0
T-4425,570,0,0
17082,570,0,0
T-4242,570,0,0
T-4425,570,0,0
T-4425,570,0,0
T-4425,570,0,0
T-3973,570,0,0
T-2078,570,0,0
T-2725,570,0,0
T-2725,570,0,0
T-4715,570,0,0
T-2208,570,0,0
T-4906,570,0,0
T-3132,570,0,0
T-3132,570,0,0
T-1363,570,0,0
T-4425,570,0,0
3895,570,0,0
T-1547,570,0,0
10798,570,0,0
T-1547,570,0,0
T-2961,570,0,0
T-2961,570,0,0
T-1547,570,0,0
T-1547,570,0,0
16898,570,0,0
T-3241,570,0,0
T-3241,570,0,0
T-3144,570,0,0
T-4330,570,0,0
T-2265,570,0,0
T-3144,570,0,0
T-3144,570,0,0
T-2141,570,0,0
T-1547,570,0,0
T-4425,570,0,0
11329,570,0,0
T-3241,570,0,0
10798,570,0,0
T-5232,570,0,0
10894,570,0,0
T-5020,570,0,0
T-1363,570,0,0
T-4330,570,0,0
T-2207,570,0,0
T-4425,570,0,0
11649,570,0,0
T-2176,570,0,0
11649,570,0,0
T-3937,570,0,0
11649,570,0,0
11649,570,0,0
11649,570,0,0
11649,570,0,0
T-5232,570,0,0
10894,570,0,0
11288,570,0,0
T-2207,570,0,0
T-4078,570,0,0
T-1672,570,0,0
T-1672,570,0,0
T-2265,570,0,0
10894,570,0,0
11356,570,0,0
11356,570,0,0
11356,570,0,0
11356,570,0,0
11356,570,0,0
11356,570,0,0
T-2738,570,0,0
T-2176,570,0,0
T-2176,570,0,0
T-2176,570,0,0
T-2176,570,0,0
T-2176,570,0,0
T-4425,570,0,0
T-2176,570,0,0
T-2176,570,0,0
T-2176,570,0,0
T-2176,570,0,0
T-2176,570,0,0
T-4984,570,0,0
T-4984,570,0,0
T-4425,570,0,0
T-2176,570,0,0
T-3144,570,0,0
T-4425,570,0,0
T-989,570,0,0
T-704,570,0,0
T-4425,570,0,0
T-4984,570,0,0
T-4984,570,0,0
T-4984,570,0,0
T-4984,570,0,0
T-4984,570,0,0
T-4984,570,0,0
T-4984,570,0,0
T-4425,570,0,0
T-3973,570,0,0
T-2176,570,0,0
T-2725,570,0,0
T-5232,570,0,0
T-2725,570,0,0
T-4425,570,0,0
T-3134,570,0,0
T-3134,570,0,0
T-3134,570,0,0
T-3134,570,0,0
T-3134,570,0,0
T-3134,570,0,0
T-3134,570,0,0
T-4425,570,0,0
T-3134,570,0,0
T-3134,570,0,0
T-3134,570,0,0
T-3134,570,0,0
T-3134,570,0,0
T-3134,570,0,0
T-5020,570,0,0
T-3132,570,0,0
2497,570,0,0
T-704,570,0,0
10827,570,0,0
T-3167,570,0,0
10827,570,0,0
11398,570,0,0
10894,570,0,0
10827,570,0,0
10827,570,0,0
10827,570,0,0
10827,570,0,0
10827,570,0,0
10827,570,0,0
11339,570,0,0
11144,570,0,0
T-4612,570,0,0
T-4612,570,0,0
T-664,570,0,0
T-3132,570,0,0
T-5842,570,0,0
10894,570,0,0
10894,570,0,0
10894,570,0,0
11356,570,0,0
17081,570,0,0
T-4612,570,0,0
17081,570,0,0
17081,570,0,0
T-1265,570,0,0
T-4912,570,0,0
T-2010,170,0,0
T-2010,170,0,0
T-2010,170,0,0
10910,170,0,0
T-2637,170,170,1
11388,920,0,0
T-5090,920,0,0
11356,920,0,0
11398,920,0,0
11398,920,0,0
11398,920,0,0
17083,1703,0,0
11041,4679,0,0
11799,7827,0,0
T-4033,4679,0,0
11388,4679,0,0
11398,7827,0,0
15353,7827,0,0
T-2960,4679,0,0
T-2176,4679,0,0
16964,215,0,0
T-5466,215,0,0
T-3907,215,0,0
T-5013,215,0,0
T-3134,215,0,0
T-4715,215,0,0
11151,215,0,0
11151,215,0,0
3715,1496,0,0
11799,1496,0,0
T-5113,1496,0,0
T-5113,1496,0,0
12829,1496,0,0
T-716,1496,0,0
T-5232,2171,0,0
11356,2171,0,0
T-4243,2171,0,0
11356,2171,0,0
T-3852,400,400,1
T-3852,400,400,1
T-3852,400,400,1
T-3852,400,400,1
T-3852,400,400,1
T-3852,400,400,1
T-3852,400,400,1
T-4715,900,900,1
10795,900,900,1
T-3852,750,750,1
T-3852,750,750,1
T-3852,750,750,1
T-3852,750,750,1
T-3852,750,750,1
10923,8150,0,0
T-123,170,144,0.847058824
10795,4679,4700,1.004488138
T-4480,170,177,1.041176471
T-3779,4679,4700,1.004488138
T-3348,750,750,1
16969,5827,5827,1
16969,1127,1127,1
11308,650,0,0
T-123,170,106,0.623529412
11308,650,0,0
10525,750,750,1
10525,750,750,1
T-510,170,0,0
T-4054,900,900,1
T-2182,900,900,1
T-4243,170,90,0.529411765
3714,3000,3000,1
3714,3000,3000,1
T-875,8150,0,0
T-875,8150,0,0
T-4715,1703,1703,1
10923,8150,0,0
10923,8150,0,0
10923,8150,0,0
10923,8150,0,0
10923,8150,0,0
T-2534,4617,4800,1.039636127
T-510,750,750,1
12831,4679,4013,0.857661894
T-2732,13600,13600,1
10990,1300,1300,1
10988,1316,0,0
T-4940,8187,8187,1
T-4054,570,540,0.947368421
11394,400,400,1
T-2961,13500,13500,1
T-2961,13500,13500,1
T-2961,3200,3200,1
T-2182,900,900,1
T-2182,900,900,1
11363,1947,1947,1
T-4528,170,170,1
T-3936,6530,6530,1
T-4054,570,540,0.947368421
T-4940,7287,7287,1
T-4330,1703,1703,1
17075,1062,1062,1
T-4933,570,506,0.887719298
T-3126,570,506,0.887719298
T-4843,400,0,0
3762,2370,2370,1
T-123,170,106,0.623529412
11105,7287,7287,1
T-4384,900,900,1
T-3935,400,339,0.8475
T-4552,900,900,1
11295,570,600,1.052631579
17061,1062,1062,1
16897,400,400,1
T-2068,200,0,0
16967,170,200,1.176470588
12822,900,540,0.6
10317,1703,1703,1
T-3288,215,200,0.930232558
3762,750,750,1
11517,750,750,1
11517,1974,1974,1
11517,1974,1974,1
11517,1974,1974,1
11517,1974,1974,1
11517,1974,1974,1
11517,1974,1974,1
11517,570,680,1.192982456
11517,1974,1974,1
11517,3750,3750,1
T-4330,170,182,1.070588235
T-3152,570,507,0.889473684
11288,170,170,1
17065,570,570,1
T-4111,4617,4700,1.017977041
T-986,420,420,1
17082,1703,1703,1
11108,570,570,1
11347,400,450,1.125
T-4676,1274,1274,1
T-3148,570,570,1
T-4676,1274,1274,1
T-663,750,750,1
T-663,750,750,1
17085,215,0,0
17085,215,0,0
17085,215,0,0
17085,215,0,0
T-3172,750,750,1
T-3172,400,400,1
T-3172,400,400,1
T-3172,750,750,1
T-4263,900,900,1
T-2078,900,900,1
T-3172,570,570,1
10317,400,400,1
12580,400,475,1.1875
T-1709,170,110,0.647058824
T-4715,1703,1703,1
3762,170,170,1
16897,400,400,1
T-2725,1703,1703,1
2187,400,450,1.125
T-4263,215,183,0.851162791
T-4552,5600,5600,1
T-4552,5600,5600,1
T-620,400,300,0.75
T-3148,170,106,0.623529412
 T-5231,570,570,1
T-2007,170,170,1
T-3852,570,550,0.964912281
T-2582,170,106,0.623529412
T-5146,900,900,1
3762,750,750,1
3762,750,750,1
3762,750,750,1
3762,750,750,1
3762,750,750,1
3762,750,750,1
3762,750,750,1
3762,750,750,1
3762,750,750,1
11205,900,900,1
T-2723,1703,1703,1
10985,1480,1480,1
T-3169,7287,7145,0.980513243
11278,900,900,1
T-704,170,170,1
11296,923,923,1
16897,215,215,1
16897,215,215,1
T-706,2500,0,0
11298,2000,2000,1
T-4354,400,400,1
T-3936,570,472,0.828070175
11272,570,540,0.947368421
11329,4679,4679,1
T-1607,900,900,1
T-2503,6608,6608,1
T-3028,900,900,1
T-3276,1250,1250,1
T-328,7287,7287,1
10910,900,900,1
T-4513,570,472,0.828070175
T-3936,1062,0,0
T-1952,570,472,0.828070175
T-5931,570,580,1.01754386
T-3851,1230,1230,1
T-504,400,472,1.18
2535,900,900,1
3762,750,750,1
T-3169,7287,7145,0.980513243
T-4163,170,106,0.623529412
T-3974,3070,3070,1
T-5258,170,201,1.182352941
10894,3965,3965,1
T-1608,570,472,0.828070175
T-2140,900,900,1
T-1709,400,400,1
11296,900,900,1
T-4263,1703,1443,0.847328244
11092,170,170,1
T-1036,6024,6024,1
T-3168,400,472,1.18
T-506,170,125,0.735764706
T-3911,570,570,1
T-3911,570,570,1
T-4480,400,400,1
11288,1974,1974,1
T-4384,570,570,1
T-5258,170,170,1
T-5258,170,170,1
T-5258,170,170,1
T-5258,170,170,1
T-5258,170,170,1
10989,750,750,1
15354,570,570,1
T-1603,750,750,1
T-3028,1703,1443,0.847328244
3762,2570,2570,1
T-632,570,570,1
11524,170,100,0.588235294
T-3936,750,750,1
T-706,400,400,1
17062,170,170,1
11154,750,750,1
11154,750,750,1
11066,1703,1703,1
T-3028,900,900,1
T-5110,1703,1703,1
2496,1703,1703,1
11338,750,750,1
11338,170,170,1
T-4275,570,570,1
T-1608,750,750,1
T-3846,1500,1500,1
T-4055,1150,1150,1
17062,170,170,1
T-4612,570,0,0
T-999,570,0,0
T-2725,570,0,0
T-4983,570,0,0
T-2170,570,0,0
T-1858,570,0,0
T-1858,570,0,0
T-2078,570,0,0
T-5092,570,0,0
T-5011,570,0,0
2535,570,0,0
T-3277,570,0,0
T-4612,570,0,0
T-3134,570,0,0
T-3289,570,0,0
11805,570,0,0
2535,570,0,0
2535,570,0,0
T-4033,570,0,0
2535,570,0,0
T-4612,570,0,0
T-4612,570,0,0
T-2078,570,0,0
3762,570,0,0
3762,570,0,0
T-2961,570,0,0
T-4979,570,0,0
T-4612,570,0,0
T-2961,570,0,0
T-4715,570,0,0
T-4715,570,0,0
T-4715,570,0,0
11649,570,0,0
10894,570,0,0
T-4325,570,0,0
T-4612,570,0,0
T-5092,570,0,0
T-2211,570,0,0
11717,570,0,0
17082,570,0,0
T-1600,570,0,0
11100,570,0,0
T-2961,570,0,0
T-2207,570,0,0
10894,570,0,0
T-706,570,0,0
10074,570,0,0
T-1861,570,0,0
T-5155,570,0,0
T-3907,570,0,0
17081,570,0,0
2535,570,0,0
2535,570,0,0
16898,570,0,0
16898,570,0,0
16898,570,0,0
16898,570,0,0
16898,570,0,0
16898,570,0,0
16898,570,0,0
11373,570,0,0
T-3606,570,0,0
T-430,570,0,0
T-2961,570,0,0
T-3288,570,0,0
T-716,570,0,0
T-697,570,0,0
T-3144,570,0,0
10074,570,0,0
T-2637,570,0,0
11484,570,0,0
11344,570,0,0
10827,570,0,0
T-3606,570,0,0
17081,570,0,0
T-4882,570,0,0
10894,570,0,0
17081,570,0,0
10894,570,0,0
T-5258,570,0,0
11484,570,0,0
T-1420,570,0,0
T-2725,570,0,0
T-2434,570,0,0
10827,570,0,0
16387,570,0,0
10827,570,0,0
T-2725,570,0,0
T-3606,570,0,0
T-5258,570,0,0
T-4612,570,0,0
T-4612,570,0,0
T-4612,570,0,0
T-4612,570,0,0
16387,570,0,0
T-1306,570,0,0
2535,570,0,0
10074,570,0,0
10074,570,0,0
T-704,570,0,0
T-2265,570,0,0
T-3167,570,0,0
10894,570,0,0
T-4867,570,0,0
T-1909,570,0,0
T-3277,570,0,0
17081,570,0,0
17081,570,0,0
10798,570,0,0
T-2960,570,0,0
T-4586,570,0,0
T-4586,570,0,0
T-4033,570,0,0
17082,570,0,0
T-4586,570,0,0
T-2201,570,0,0
T-2201,570,0,0
T-2265,570,0,0
T-5155,570,0,0
16387,170,0,0
T-1306,170,0,0
T-706,170,0,0
11948,170,0,0
T-2011,170,0,0
T-2011,170,0,0
T-1909,170,0,0
T-3974,170,0,0
11310,170,0,0
3719,215,0,0
10791,215,0,0
10791,215,0,0
T-4979,215,0,0
T-4979,215,0,0
10910,215,0,0
T-3134,750,0,0
T-5013,750,0,0
T-2207,750,0,0
T-2207,750,0,0
T-2207,750,0,0
T-2207,750,0,0
T-2207,750,0,0
11154,750,0,0
11099,750,0,0
T-4055,750,0,0
16709,750,0,0
16964,750,0,0
16964,750,0,0
T-3936,750,0,0
10795,750,0,0
11308,750,0,0
16387,750,0,0
T-3277,750,0,0
T-1427,750,0,0
T-3778,750,0,0
10923,750,0,0
3895,750,0,0
10525,750,0,0
11464,750,0,0
16387,750,0,0
10826,750,0,0
T-1427,750,0,0
11149,750,0,0
10827,750,0,0
10827,750,0,0
T-4676,750,0,0
T-1427,750,0,0
T-845,750,0,0
10826,750,0,0
T-3778,750,0,0
11312,750,0,0
11312,750,0,0
13058,750,0,0
13058,750,0,0
T-3167,750,0,0
11144,750,0,0
T-4940,750,0,0
10525,750,0,0
T-3440,750,0,0
11439,750,0,0
T-1547,750,0,0
T-3606,750,0,0
16381,750,0,0
10910,900,900,1
11394,900,900,1
11388,900,0,0
T-4612,900,0,0
2535,900,0,0
T-2176,900,0,0
17070,570,0,0
17070,570,0,0
3743,900,0,0
11373,900,0,0
T-5128,4679,0,0
16898,7287,0,0
T-2880,7287,0,0
T-2880,7287,0,0
T-615,7287,0,0
T-3412,1703,0,0
T-3140,1703,0,0
T-4715,1703,0,0
11347,1703,0,0
T-4497,1703,0,0
11380,570,0,0
11380,570,0,0
12580,750,0,0
17070,4700,4700,1
T-4457,920,763,0.829347826
11464,750,750,1
T-144,570,570,1
T-4615,170,170,1
T-5011,400,480,1.2
T-2441,6194,6194,1
T-144,1979,1979,1
T-144,570,570,1
T-978,215,215,1
T-978,215,215,1
T-4173,1974,0,0
T-1330,170,170,1
T-5130,7287,7287,1
T-5130,7287,7287,1
11288,1974,1974,1
T-4615,1974,0,0
11380,570,0,0
T-5576,570,506,0.887719298
T-5315,11163,11163,1
10525,1570,1570,1
T-973,215,215,1
T-4497,400,400,1
T-2541,1703,1703,1
T-4866,170,106,0.623529412
T-4866,400,400,1
T-5014,215,215,1
11119,215,215,1
T-1268,750,0,0
T-2961,3200,3200,1
T-2961,3200,3200,1
10525,170,150,0.882352941
T-2961,900,900,1
T-2908,2040,2040,1
10932,1062,1062,1
T-2961,3200,3200,1
T-2738,170,170,1
11105,6194,6194,1
T-5014,940,923,0.981914894
T-2738,1800,1800,1
T-2910,900,900,1
T-2738,900,900,1
11368,920,900,0.97826087
T-5090,1500,1500,1
T-5090,1500,1500,1
10525,570,670,1.175438596
11373,7287,7287,1
T-2738,570,506,0.887719298
T-4263,750,0,0
11312,1828,1828,1
T-5090,1500,1500,1
11296,1703,1703,1
11296,1703,1703,1
T-641,170,170,1
T-5090,1500,1500,1
10929,750,750,1
T-5090,1500,1500,1
T-5090,1500,1500,1
T-1909,920,800,0.869565217
T-5090,1500,1500,1
T-4255,4700,4700,1
T-5090,400,400,1
T-3192,1263,1263,0.999683294
T-4425,570,506,0.887719298
T-632,940,900,0.957446809
T-1547,900,900,1
T-1547,900,900,1
T-2973,570,506,0.887719298
11369,1703,1703,1
T-2450,170,90,0.529411765
T-4502,750,0,0
T-4940,1800,1800,1
T-5345,170,106,0.623529412
T-2208,920,920,1
T-2208,900,900,1
T-2208,900,900,1
T-2208,900,900,1
T-2208,920,920,1
11344,900,900,1
11344,900,900,1
11338,400,472,1.18
T-5014,1703,1703,1
11308,750,0,0
T-1036,215,215,1
T-1036,215,215,1
11344,170,170,1
T-2201,2171,2171,1
T-3028,400,339,0.8475
T-5090,570,570,1
T-1547,900,900,1
11471,900,900,1
T-4528,920,900,0.97826087
T-1134,923,923,1
10929,4800,4800,1
T-2961,2171,2171,1
T-3973,170,170,1
17082,170,210,1.235294118
11369,570,570,1
11369,570,570,1
T-1268,750,0,0
3762,750,750,1
T-4866,170,170,1
T-3907,570,570,1
T-1408,170,0,0
11295,2171,2171,1
16887,400,400,1
16887,400,409,1.0225
16887,400,400,1
16887,400,400,1
T-3348,923,923,1
11358,2303,2303,1
10910,570,570,1
T-664,11163,11163,1
11577,920,920,1
11577,1800,1800,1
11577,1800,1800,1
11577,1800,1800,1
T-2923,14120,14120,1
11398,50471,50471,1
T-3172,900,900,1
T-3172,900,900,1
T-2208,750,750,1
16965,900,900,1
3711,11400,11400,1
T-4497,2360,2360,1
T-3933,750,750,1
T-103,400,400,1
2920,170,144,0.847058824
11392,1470,1470,1
T-1858,570,570,1
T-4078,400,472,1.18
17071,215,215,1
T-2648,170,170,1
10994,170,110,0.647058824
T-2723,1703,1703,1
T-1547,900,900,1
10799,920,900,0.97826087
T-3127,7287,7287,1
T-4054,570,540,0.947368421
T-3606,920,983,1.068478261
17067,923,923,1
T-2211,923,788,0.8531961
T-2211,923,788,0.8531961
T-2211,923,788,0.8531961
T-2211,923,788,0.8531961
16709,570,506,0.887719298
11471,170,200,1.176470588
11344,900,900,1
T-1671,170,107,0.629411765
T-5090,170,170,1
T-5090,170,170,1
T-5090,170,170,1
16887,1703,1703,1
T-5090,170,170,1
T-5090,170,170,1
T-5090,170,170,1
T-4173,570,0,0
T-4457,900,900,1
11368,170,170,1
T-1669,400,472,1.18
16969,570,506,0.887719298
T-144,1979,1979,1
T-2208,900,900,1
T-1408,1140,1140,1
T-1608,920,540,0.586956522
T-1608,920,540,0.586956522
T-2201,400,385,0.9625
10910,1070,1070,1
T-1858,570,570,1
T-1408,1140,1140,1
T-1858,570,570,1
10918,170,107,0.629411765
T-4457,900,900,1
T-1939,170,170,1
T-978,2842,2842,1
T-2923,920,920,1
T-1363,1800,1800,1
T-4552,3200,3200,1
T-4552,3200,3200,1
T-4552,3200,3200,1
T-4552,3200,3200,1
T-4552,3200,3200,1
T-4552,3200,3200,1
T-4552,3200,3200,1
T-1427,3200,3200,1
T-1427,3200,3200,1
T-1427,3200,3200,1
T-1427,3200,3200,1
T-1427,3200,3200,1
T-1363,1500,1500,1
T-4478,3200,3200,1
T-5488,3200,3200,1
T-1427,3200,3200,1
T-3168,1800,1800,1
T-4478,1800,1800,1
T-825,3200,3200,1
T-5488,900,900,1
T-1427,3200,3200,1
T-1427,900,900,1
T-4478,1800,1800,1
T-1427,900,900,1
T-5488,3200,3200,1
T-5488,3200,3200,1
T-1427,3200,3200,1
T-1427,3200,3200,1
T-1427,3200,3200,1
T-1427,3200,3200,1
T-1427,3200,3200,1
T-5488,3200,3200,1
T-5488,900,900,1
T-5488,900,900,1
T-5488,900,900,1
T-5488,3200,3200,1
T-5488,900,900,1
T-5488,3200,3200,1
T-5488,3200,3200,1
T-4552,3200,3200,1
T-5488,900,900,1
T-1861,5000,5000,1
T-4478,3200,3200,1
T-1861,5000,5000,1
T-4478,3200,3200,1
T-4984,1800,1800,1
T-4984,1800,1800,1
T-4552,3200,3200,1
T-4478,3200,3200,1
T-4552,3200,3200,1
T-2910,570,0,0
T-2910,570,0,0
T-2910,570,0,0
T-2910,570,0,0
T-2910,570,0,0
T-2910,570,0,0
T-2910,570,0,0
T-2910,570,0,0
T-2910,570,0,0
T-2910,570,0,0
T-2910,570,0,0
T-4529,570,0,0
T-3132,570,0,0
T-3132,570,0,0
T-2201,570,0,0
11649,570,0,0
T-3132,570,0,0
T-2208,570,0,0
T-2201,570,0,0
T-2201,570,0,0
T-3132,570,0,0
T-4612,570,0,0
10894,570,0,0
13912,570,0,0
10894,570,0,0
10894,570,0,0
10827,570,0,0
10827,570,0,0
10827,570,0,0
10827,570,0,0
T-1601,570,0,0
T-2910,570,0,0
T-2910,570,0,0
T-2910,570,0,0
T-2910,570,0,0
T-2910,570,0,0
T-5020,570,0,0
T-3132,570,0,0
10894,570,0,0
T-2910,570,0,0
T-1812,570,0,0
T-1812,570,0,0
T-1812,570,0,0
T-1812,570,0,0
T-1812,570,0,0
T-1812,570,0,0
T-4715,570,0,0
3762,570,0,0
T-2201,570,0,0
T-2201,570,0,0
T-4497,570,0,0
T-4497,570,0,0
T-1547,570,0,0
12827,570,0,0
12827,570,0,0
12827,570,0,0
12827,570,0,0
12827,570,0,0
T-1363,570,0,0
12835,570,0,0
11373,570,0,0
11339,570,0,0
T-663,570,0,0
T-4552,570,0,0
T-4552,570,0,0
10929,570,0,0
T-3241,570,0,0
3762,570,0,0
T-4033,570,0,0
T-4033,570,0,0
T-448,570,0,0
T-3606,570,0,0
T-3277,570,0,0
T-4529,570,0,0
11151,570,0,0
T-4425,570,0,0
16707,570,0,0
16707,570,0,0
16707,570,0,0
16707,570,0,0
11329,570,0,0
T-2201,570,0,0
T-109,570,0,0
11339,170,0,0
T-2010,170,0,0
11439,4679,0,0
10923,4679,0,0
10923,4679,0,0
10923,4679,0,0
10923,4679,0,0
10923,4679,0,0
10923,4679,0,0
10923,4679,0,0
10923,4679,0,0
10923,4679,0,0
10923,4679,0,0
10923,4679,0,0
T-4033,900,0,0
11948,900,0,0
11948,900,0,0
11948,900,0,0
T-2541,900,0,0
3758,750,0,0
3758,750,0,0
3758,750,0,0
T-1306,750,0,0
T-1306,750,0,0
T-1306,750,0,0
T-1306,750,0,0
T-1306,750,0,0
T-1306,750,0,0
T-1009,750,0,0
11369,750,0,0
11439,750,0,0
T-1009,750,0,0
T-1009,750,0,0
T-1306,750,0,0
T-1306,750,0,0
